date,maximum,minimum,average,departure,hdd,cdd,precipitation,new snow,snow depth
1/1/14,64,46,55,-1.4,10,0,0,0,0
1/2/14,78,50,64,7.6,1,0,0,0,0
1/3/14,64,47,55.5,-0.9,9,0,0,0,0
1/4/14,65,50,57.5,1,7,0,0,0,0
1/5/14,76,47,61.5,5,3,0,0,0,0
1/6/14,78,50,64,7.5,1,0,0,0,0
1/7/14,69,51,60,3.5,5,0,0,0,0
1/8/14,66,49,57.5,0.9,7,0,0,0,0
1/9/14,60,50,55,-1.6,10,0,0,0,M
1/10/14,65,48,56.5,-0.1,8,0,0,0,0
1/11/14,67,47,57,0.4,8,0,0,M,0
1/12/14,69,51,60,3.3,5,0,0,0,0
1/13/14,83,46,64.5,7.8,0,0,0,0,0
1/14/14,79,50,64.5,7.8,0,0,0,0,0
1/15/14,83,52,67.5,10.8,0,3,0,0,0
1/16/14,84,54,69,12.2,0,4,0,0,0
1/17/14,87,53,70,13.2,0,5,0,0,0
1/18/14,83,51,67,10.2,0,2,0,0,0
1/19/14,76,49,62.5,5.7,2,0,0,0,0
1/20/14,78,49,63.5,6.7,1,0,0,0,0
1/21/14,76,51,63.5,6.7,1,0,0,0,0
1/22/14,73,53,63,6.2,2,0,0,0,0
1/23/14,68,51,59.5,2.7,5,0,0,0,0
1/24/14,73,56,64.5,7.7,0,0,0,0,0
1/25/14,75,58,66.5,9.7,0,2,0,0,0
1/26/14,66,53,59.5,2.6,5,0,T,0,0
1/27/14,65,54,59.5,2.6,5,0,0,0,0
1/28/14,64,50,57,0.1,8,0,0,0,0
1/29/14,62,52,57,0.1,8,0,0,0,0
1/30/14,62,57,59.5,2.6,5,0,T,0,0
1/31/14,63,56,59.5,2.6,5,0,T,0,0
2/1/14,68,53,60.5,3.6,4,0,0,0,0
2/2/14,62,46,54,-2.9,11,0,0.09,M,0
2/3/14,60,46,53,-3.9,12,0,T,M,0
2/4/14,62,48,55,-1.9,10,0,0,0,0
2/5/14,63,50,56.5,-0.4,8,0,0,0,0
2/6/14,60,53,56.5,-0.5,8,0,0.14,0,0
2/7/14,61,51,56,-1,9,0,T,0,0
2/8/14,62,53,57.5,0.5,7,0,0,0,0
2/9/14,66,56,61,4,4,0,0,0,0
2/10/14,66,54,60,3,5,0,0,0,0
2/11/14,68,53,60.5,3.5,4,0,0,0,0
2/12/14,74,51,62.5,5.4,2,0,0,0,0
2/13/14,72,53,62.5,5.4,2,0,0,0,0
2/14/14,72,51,61.5,4.4,3,0,0,0,0
2/15/14,73,52,62.5,5.4,2,0,0,0,0
2/16/14,71,55,63,5.8,2,0,0,0,0
2/17/14,63,52,57.5,0.3,7,0,0,0,0
2/18/14,63,55,59,1.8,6,0,0,0,0
2/19/14,66,55,60.5,3.3,4,0,0,0,0
2/20/14,78,50,64,6.7,1,0,0,0,0
2/21/14,74,56,65,7.7,0,0,0,0,0
2/22/14,70,52,61,3.7,4,0,0,0,0
2/23/14,67,50,58.5,1.1,6,0,0,0,0
2/24/14,65,53,59,1.6,6,0,0,0,0
2/25/14,67,55,61,3.6,4,0,0,0,0
2/26/14,66,57,61.5,4,3,0,0.06,0,0
2/27/14,67,57,62,4.5,3,0,0.94,0,0
2/28/14,64,57,60.5,3,4,0,1.56,0,0
3/1/14,65,53,59,1.4,6,0,0.35,0,0
3/2/14,63,54,58.5,0.9,6,0,T,M,0
3/3/14,64,52,58,0.4,7,0,0,0,0
3/4/14,65,54,59.5,1.9,5,0,0,0,0
3/5/14,65,55,60,2.3,5,0,0,0,0
3/6/14,68,57,62.5,4.8,2,0,0,0,0
3/7/14,68,55,61.5,3.8,3,0,0,0,0
3/8/14,76,53,64.5,6.7,0,0,0,0,0
3/9/14,85,61,73,15.2,0,8,0,0,0
3/10/14,75,58,66.5,8.7,0,2,0,0,0
3/11/14,76,55,65.5,7.6,0,1,0,0,0
3/12/14,81,55,68,10.1,0,3,0,0,0
3/13/14,67,58,62.5,4.6,2,0,0,0,0
3/14/14,66,53,59.5,1.6,5,0,0,0,0
3/15/14,72,55,63.5,5.5,1,0,0,0,0
3/16/14,83,56,69.5,11.5,0,5,0,0,0
3/17/14,71,56,63.5,5.5,1,0,0,0,0
3/18/14,70,58,64,5.9,1,0,0,0,0
3/19/14,70,57,63.5,5.4,1,0,0,0,0
3/20/14,68,57,62.5,4.3,2,0,0,0,0
3/21/14,66,57,61.5,3.3,3,0,0,0,0
3/22/14,65,58,61.5,3.3,3,0,0,0,0
3/23/14,65,55,60,1.7,5,0,0,0,0
3/24/14,65,59,62,3.7,3,0,0,0,0
3/25/14,65,58,61.5,3.1,3,0,0,0,0
3/26/14,66,57,61.5,3.1,3,0,0.01,0,0
3/27/14,65,53,59,0.5,6,0,0,0,0
3/28/14,67,53,60,1.5,5,0,0,0,0
3/29/14,70,55,62.5,3.9,2,0,0,0,0
3/30/14,67,56,61.5,2.9,3,0,0,0,0
3/31/14,64,51,57.5,-1.2,7,0,0,0,0
4/1/14,62,52,57,-1.8,8,0,0.12,0,0
4/2/14,62,50,56,-2.8,9,0,0.05,0,0
4/3/14,64,49,56.5,-2.4,8,0,0,0,0
4/4/14,62,53,57.5,-1.5,7,0,0,0,0
4/5/14,65,52,58.5,-0.6,6,0,0,0,0
4/6/14,71,52,61.5,2.4,3,0,0,0,0
4/7/14,81,56,68.5,9.3,0,4,0,0,0
4/8/14,80,58,69,9.7,0,4,0,0,0
4/9/14,76,54,65,5.6,0,0,0,0,0
4/10/14,65,53,59,-0.5,6,0,0,0,0
4/11/14,70,56,63,3.4,2,0,0,0,0
4/12/14,65,56,60.5,0.8,4,0,0,0,0
4/13/14,64,56,60,0.2,5,0,0,0,0
4/14/14,68,56,62,2.1,3,0,0,0,0
4/15/14,62,56,59,-1,6,0,0,0,M
4/16/14,67,58,62.5,2.4,2,0,0,0,0
4/17/14,69,58,63.5,3.3,1,0,0,0,0
4/18/14,72,60,66,5.7,0,1,0,0,0
4/19/14,67,58,62.5,2.1,2,0,0,0,0
4/20/14,69,57,63,2.5,2,0,0,0,0
4/21/14,68,58,63,2.3,2,0,0,0,0
4/22/14,67,57,62,1.2,3,0,0,0,0
4/23/14,69,56,62.5,1.6,2,0,0,0,0
4/24/14,73,56,64.5,3.5,0,0,0,0,0
4/25/14,70,55,62.5,1.4,2,0,0.09,0,0
4/26/14,66,54,60,-1.2,5,0,0,0,0
4/27/14,67,53,60,-1.3,5,0,0,0,0
4/28/14,75,55,65,3.6,0,0,0,0,0
4/29/14,88,58,73,11.5,0,8,0,0,0
4/30/14,89,63,76,14.4,0,11,0,0,0
5/1/14,89,64,76.5,14.8,0,12,0,0,0
5/2/14,90,64,77,15.3,0,12,0,0,0
5/3/14,82,62,72,10.2,0,7,0,0,0
5/4/14,74,59,66.5,4.6,0,2,0,0,0
5/5/14,70,58,64,2,1,0,0,0,0
5/6/14,66,54,60,-2.1,5,0,0,0,0
5/7/14,66,55,60.5,-1.6,4,0,0,0,0
5/8/14,68,56,62,-0.2,3,0,0,0,0
5/9/14,68,56,62,-0.3,3,0,0,0,0
5/10/14,70,57,63.5,1.1,1,0,0,0,0
5/11/14,87,62,74.5,12.1,0,10,0,0,0
5/12/14,87,58,72.5,10,0,8,0,0,0
5/13/14,93,64,78.5,16,0,14,0,0,0
5/14/14,96,65,80.5,17.9,0,16,0,0,0
5/15/14,97,70,83.5,20.8,0,19,0,0,0
5/16/14,91,67,79,16.3,0,14,0,0,0
5/17/14,77,63,70,7.2,0,5,0,0,0
5/18/14,71,63,67,4.2,0,2,0,0,0
5/19/14,72,60,66,3.1,0,1,0,0,0
5/20/14,69,59,64,1.1,1,0,0,0,0
5/21/14,70,57,63.5,0.5,1,0,0,0,0
5/22/14,69,59,64,0.9,1,0,0,0,0
5/23/14,69,62,65.5,2.4,0,1,0,0,0
5/24/14,69,63,66,2.8,0,1,0,0,0
5/25/14,72,63,67.5,4.2,0,3,0,0,0
5/26/14,73,63,68,4.7,0,3,0,0,0
5/27/14,74,64,69,5.6,0,4,0,0,0
5/28/14,73,65,69,5.5,0,4,0,0,0
5/29/14,74,64,69,5.5,0,4,0,0,0
5/30/14,74,62,68,4.4,0,3,0,0,0
5/31/14,74,61,67.5,3.8,0,3,0,0,0
6/1/14,72,61,66.5,2.7,0,2,0,0,0
6/2/14,69,60,64.5,0.6,0,0,0,0,0
6/3/14,73,59,66,2,0,1,0,0,0
6/4/14,72,60,66,1.9,0,1,0,0,0
6/5/14,71,61,66,1.8,0,1,0,0,0
6/6/14,70,61,65.5,1.2,0,1,0,0,0
6/7/14,70,61,65.5,1.1,0,1,0,0,0
6/8/14,72,60,66,1.5,0,1,0,0,0
6/9/14,69,59,64,-0.6,1,0,0,0,0
6/10/14,71,63,67,2.2,0,2,0,0,0
6/11/14,72,63,67.5,2.6,0,3,0,0,0
6/12/14,71,62,66.5,1.5,0,2,0,0,0
6/13/14,70,62,66,0.9,0,1,0,0,0
6/14/14,71,62,66.5,1.2,0,2,0,0,0
6/15/14,72,63,67.5,2.1,0,3,0,0,0
6/16/14,71,62,66.5,0.9,0,2,0,0,0
6/17/14,73,61,67,1.3,0,2,0,0,0
6/18/14,72,61,66.5,0.7,0,2,0,0,0
6/19/14,72,62,67,1,0,2,0,0,0
6/20/14,74,64,69,2.9,0,4,0,0,0
6/21/14,75,64,69.5,3.2,0,5,0,0,0
6/22/14,73,65,69,2.6,0,4,0,0,0
6/23/14,74,65,69.5,2.9,0,5,0,0,0
6/24/14,74,65,69.5,2.8,0,5,0,0,0
6/25/14,73,65,69,2.2,0,4,0,0,0
6/26/14,74,66,70,3,0,5,0,0,0
6/27/14,76,66,71,3.9,0,6,0,0,0
6/28/14,76,67,71.5,4.2,0,7,0,0,0
6/29/14,76,67,71.5,4.1,0,7,0,0,0
6/30/14,75,66,70.5,3,0,6,0,0,0
7/1/14,75,66,70.5,2.9,0,6,0,0,0
7/2/14,75,65,70,2.2,0,5,0,0,0
7/3/14,76,66,71,3.1,0,6,0,0,0
7/4/14,78,66,72,4,0,7,0,0,0
7/5/14,80,69,74.5,6.4,0,10,0,0,0
7/6/14,80,68,74,5.8,0,9,0,0,0
7/7/14,77,68,72.5,4.2,0,8,0,0,0
7/8/14,76,67,71.5,3.1,0,7,0,0,0
7/9/14,76,67,71.5,3,0,7,0,0,0
7/10/14,76,66,71,2.5,0,6,0,0,0
7/11/14,74,66,70,1.4,0,5,0,0,0
7/12/14,75,66,70.5,1.8,0,6,0,0,0
7/13/14,77,67,72,3.3,0,7,0,0,0
7/14/14,75,69,72,3.2,0,7,T,0,0
7/15/14,75,68,71.5,2.6,0,7,0,0,0
7/16/14,76,67,71.5,2.6,0,7,T,0,0
7/17/14,76,66,71,2,0,6,0,0,0
7/18/14,75,66,70.5,1.5,0,6,0,0,0
7/19/14,72,66,69,0,0,4,0,0,0
7/20/14,76,67,71.5,2.4,0,7,0,0,0
7/21/14,76,65,70.5,1.4,0,6,0,0,0
7/22/14,77,66,71.5,2.4,0,7,0,0,0
7/23/14,80,65,72.5,3.3,0,8,0,0,0
7/24/14,81,67,74,4.8,0,9,0,0,0
7/25/14,84,67,75.5,6.3,0,11,0,0,0
7/26/14,76,65,70.5,1.3,0,6,0,0,M
7/27/14,76,66,71,1.8,0,6,0.14,0,0
7/28/14,80,68,74,4.7,0,9,0,0,0
7/29/14,78,67,72.5,3.2,0,8,0,0,0
7/30/14,82,68,75,5.7,0,10,0,0,0
7/31/14,77,67,72,2.7,0,7,0,0,0
8/1/14,77,64,70.5,1.2,0,6,0,0,0
8/2/14,78,65,71.5,2.2,0,7,0.01,0,0
8/3/14,78,68,73,3.6,0,8,0.02,0,0
8/4/14,79,64,71.5,2.1,0,7,0,0,0
8/5/14,74,62,68,-1.4,0,3,0,0,0
8/6/14,72,63,67.5,-1.9,0,3,0,0,0
8/7/14,75,65,70,0.6,0,5,0,0,0
8/8/14,75,66,70.5,1.1,0,6,0,0,0
8/9/14,75,67,71,1.5,0,6,0,0,0
8/10/14,76,66,71,1.5,0,6,0,0,0
8/11/14,75,65,70,0.5,0,5,0,0,0
8/12/14,76,66,71,1.5,0,6,0,0,0
8/13/14,74,66,70,0.4,0,5,0,0,0
8/14/14,76,65,70.5,0.9,0,6,0,0,0
8/15/14,76,63,69.5,-0.1,0,5,0,0,0
8/16/14,77,67,72,2.4,0,7,0,0,0
8/17/14,77,67,72,2.4,0,7,0,0,0
8/18/14,77,66,71.5,1.8,0,7,0,0,0
8/19/14,78,68,73,3.3,0,8,0,0,0
8/20/14,77,67,72,2.3,0,7,0,0,0
8/21/14,75,67,71,1.3,0,6,0,0,0
8/22/14,76,67,71.5,1.8,0,7,0,0,0
8/23/14,76,66,71,1.2,0,6,0,0,0
8/24/14,76,66,71,1.2,0,6,0,0,0
8/25/14,73,64,68.5,-1.3,0,4,0,0,0
8/26/14,77,65,71,1.2,0,6,0,0,0
8/27/14,83,67,75,5.2,0,10,0,0,0
8/28/14,84,68,76,6.2,0,11,0,0,0
8/29/14,78,67,72.5,2.7,0,8,0,0,0
8/30/14,77,66,71.5,1.7,0,7,0,0,0
8/31/14,79,68,73.5,3.7,0,9,0,0,0
9/1/14,79,69,74,4.2,0,9,0,0,0
9/2/14,79,68,73.5,3.8,0,9,0,0,0
9/3/14,77,68,72.5,2.8,0,8,0,0,0
9/4/14,76,67,71.5,1.8,0,7,0,0,0
9/5/14,75,67,71,1.4,0,6,0,0,0
9/6/14,78,67,72.5,2.9,0,8,0,0,0
9/7/14,82,69,75.5,5.9,0,11,0,0,0
9/8/14,85,71,78,8.5,0,13,0.02,0,0
9/9/14,83,69,76,6.5,0,11,0,0,0
9/10/14,78,66,72,2.6,0,7,0,0,0
9/11/14,80,69,74.5,5.2,0,10,0,M,0
9/12/14,81,69,75,5.7,0,10,0,0,0
9/13/14,82,69,75.5,6.3,0,11,0,0,0
9/14/14,85,71,78,8.9,0,13,0,0,0
9/15/14,86,72,79,9.9,0,14,0,0,0
9/16/14,90,74,82,13,0,17,0,0,0
9/17/14,87,69,78,9.1,0,13,0,0,0
9/18/14,76,67,71.5,2.7,0,7,0,0,0
9/19/14,77,67,72,3.3,0,7,0,0,0
9/20/14,76,66,71,2.4,0,6,0,0,0
9/21/14,77,64,70.5,2,0,6,0,0,0
9/22/14,73,64,68.5,0.1,0,4,0,0,0
9/23/14,74,65,69.5,1.2,0,5,0,0,0
9/24/14,78,64,71,2.8,0,6,0,0,M
9/25/14,78,66,72,3.9,0,7,0,0,0
9/26/14,75,66,70.5,2.5,0,6,0,0,0
9/27/14,72,63,67.5,-0.4,0,3,0,0,0
9/28/14,76,63,69.5,1.7,0,5,0,0,0
9/29/14,73,62,67.5,-0.2,0,3,0,0,0
9/30/14,78,62,70,2.4,0,5,0,0,0
10/1/14,75,63,69,1.5,0,4,0,0,0
10/2/14,94,63,78.5,11.1,0,14,0,0,0
10/3/14,95,66,80.5,13.2,0,16,0,0,0
10/4/14,88,65,76.5,9.3,0,12,0,0,0
10/5/14,85,63,74,6.9,0,9,0,0,0
10/6/14,86,64,75,8,0,10,0,0,0
10/7/14,87,65,76,9.1,0,11,0,0,0
10/8/14,75,64,69.5,2.7,0,5,0,0,0
10/9/14,76,66,71,4.3,0,6,0,0,0
10/10/14,73,66,69.5,2.9,0,5,0,0,0
10/11/14,74,65,69.5,3,0,5,0,0,0
10/12/14,75,66,70.5,4.1,0,6,0,0,0
10/13/14,74,65,69.5,3.2,0,5,0,0,0
10/14/14,72,65,68.5,2.3,0,4,0,0,0
10/15/14,74,63,68.5,2.4,0,4,0,0,0
10/16/14,73,61,67,1,0,2,0,0,0
10/17/14,73,60,66.5,0.6,0,2,0,0,0
10/18/14,73,60,66.5,0.8,0,2,0,0,0
10/19/14,73,60,66.5,0.9,0,2,0,0,0
10/20/14,73,65,69,3.5,0,4,0,0,0
10/21/14,74,63,68.5,3.1,0,4,0,0,0
10/22/14,79,61,70,4.7,0,5,0,0,0
10/23/14,77,61,69,3.8,0,4,0,0,0
10/24/14,80,60,70,5,0,5,0,0,0
10/25/14,74,63,68.5,3.6,0,4,0,0,0
10/26/14,76,60,68,3.2,0,3,0,0,0
10/27/14,72,59,65.5,0.9,0,1,0,0,0
10/28/14,73,59,66,1.5,0,1,0,0,0
10/29/14,76,63,69.5,5.1,0,5,0,0,0
10/30/14,75,61,68,3.8,0,3,0,0,0
10/31/14,69,60,64.5,0.5,0,0,0.24,0,0
11/1/14,65,56,60.5,-3.4,4,0,0.2,0,0
11/2/14,67,51,59,-4.7,6,0,0,0,0
11/3/14,74,52,63,-0.6,2,0,0,0,0
11/4/14,74,51,62.5,-0.9,2,0,0,0,0
11/5/14,81,54,67.5,4.3,0,3,0,0,0
11/6/14,88,62,75,12,0,10,0,0,0
11/7/14,86,61,73.5,10.7,0,9,0,0,0
11/8/14,83,57,70,7.4,0,5,0,0,0
11/9/14,68,62,65,2.6,0,0,0,0,0
11/10/14,67,61,64,1.8,1,0,0,0,0
11/11/14,66,62,64,2,1,0,0,0,0
11/12/14,67,59,63,1.2,2,0,0,0,0
11/13/14,66,55,60.5,-1.1,4,0,T,0,0
11/14/14,69,61,65,3.6,0,0,T,0,0
11/15/14,69,57,63,1.8,2,0,0,0,0
11/16/14,72,56,64,3,1,0,0,0,0
11/17/14,77,55,66,5.2,0,1,0,0,0
11/18/14,76,54,65,4.5,0,0,0,0,0
11/19/14,70,54,62,1.7,3,0,0,0,0
11/20/14,68,53,60.5,0.4,4,0,T,0,0
11/21/14,69,57,63,3.1,2,0,0,0,0
11/22/14,70,53,61.5,1.8,3,0,0,0,0
11/23/14,79,57,68,8.5,0,3,0,0,0
11/24/14,79,56,67.5,8.2,0,3,0,0,0
11/25/14,78,55,66.5,7.4,0,2,0,0,0
11/26/14,79,54,66.5,7.6,0,2,0,0,0
11/27/14,86,58,72,13.3,0,7,0,0,0
11/28/14,77,54,65.5,7,0,1,0,0,0
11/29/14,72,52,62,3.7,3,0,0,0,0
11/30/14,66,59,62.5,4.4,2,0,0.22,0,0
12/1/14,68,58,63,5,2,0,0,0,0
12/2/14,65,57,61,3.2,4,0,1.12,0,0
12/3/14,64,58,61,3.4,4,0,0.21,0,0
12/4/14,67,57,62,4.5,3,0,0,0,0
12/5/14,67,58,62.5,5.1,2,0,0,0,0
12/6/14,66,56,61,3.8,4,0,0,0,0
12/7/14,72,54,63,5.9,2,0,0,0,0
12/8/14,75,56,65.5,8.5,0,1,0,0,0
12/9/14,72,55,63.5,6.6,1,0,0,0,0
12/10/14,69,53,61,4.2,4,0,0,0,0
12/11/14,65,60,62.5,5.8,2,0,T,0,0
12/12/14,62,54,58,1.4,7,0,1.49,0,0
12/13/14,62,50,56,-0.5,9,0,0,0,0
12/14/14,63,48,55.5,-1,9,0,0,0,0
12/15/14,64,49,56.5,0.1,8,0,T,M,0
12/16/14,60,53,56.5,0.1,8,0,0.73,0,0
12/17/14,61,52,56.5,0.2,8,0,0.18,0,0
12/18/14,61,49,55,-1.3,10,0,T,M,0
12/19/14,63,50,56.5,0.2,8,0,0,0,0
12/20/14,62,50,56,-0.2,9,0,0,0,0
12/21/14,65,51,58,1.8,7,0,0,0,0
12/22/14,68,50,59,2.8,6,0,0,0,0
12/23/14,79,52,65.5,9.3,0,1,0,0,0
12/24/14,73,57,65,8.8,0,0,0,0,0
12/25/14,64,52,58,1.8,7,0,0,0,0
12/26/14,62,44,53,-3.2,12,0,0,0,0
12/27/14,59,40,49.5,-6.8,15,0,0,0,0
12/28/14,59,42,50.5,-5.8,14,0,0,0,0
12/29/14,60,42,51,-5.3,14,0,0,0,0
12/30/14,58,46,52,-4.3,13,0,0.31,M,0
12/31/14,57,42,49.5,-6.8,15,0,0,0,M
1/1/15,57,36,46.5,-9.9,18,0,0,0,0
1/2/15,56,38,47,-9.4,18,0,0,0,0
1/3/15,59,42,50.5,-5.9,14,0,0,0,0
1/4/15,61,42,51.5,-5,13,0,0,0,0
1/5/15,79,50,64.5,8,0,0,0,0,0
1/6/15,83,55,69,12.5,0,4,0,0,0
1/7/15,79,53,66,9.5,0,1,0,0,0
1/8/15,71,51,61,4.4,4,0,0,0,0
1/9/15,71,56,63.5,6.9,1,0,0,0,0
1/10/15,61,53,57,0.4,8,0,0.69,0,0
1/11/15,60,55,57.5,0.9,7,0,0.39,0,0
1/12/15,62,53,57.5,0.8,7,0,0,0,M
1/13/15,63,55,59,2.3,6,0,0,0,0
1/14/15,69,47,58,1.3,7,0,0,0,0
1/15/15,73,50,61.5,4.8,3,0,0,0,0
1/16/15,73,50,61.5,4.7,3,0,0,0,0
1/17/15,74,49,61.5,4.7,3,0,0,0,0
1/18/15,68,52,60,3.2,5,0,0,0,0
1/19/15,66,50,58,1.2,7,0,0,0,0
1/20/15,59,53,56,-0.8,9,0,0,0,0
1/21/15,63,55,59,2.2,6,0,0,0,0
1/22/15,73,48,60.5,3.7,4,0,0,0,0
1/23/15,72,51,61.5,4.7,3,0,0,0,0
1/24/15,76,48,62,5.2,3,0,0,0,0
1/25/15,80,48,64,7.2,1,0,0,0,0
1/26/15,76,55,65.5,8.6,0,1,0.13,0,0
1/27/15,69,54,61.5,4.6,3,0,T,0,0
1/28/15,72,56,64,7.1,1,0,0,0,0
1/29/15,73,59,66,9.1,0,1,T,0,0
1/30/15,68,58,63,6.1,2,0,0.04,0,0
1/31/15,66,55,60.5,3.6,4,0,0,0,0
2/1/15,70,50,60,3.1,5,0,0,0,0
2/2/15,68,50,59,2.1,6,0,0,0,0
2/3/15,62,53,57.5,0.6,7,0,0,0,0
2/4/15,62,54,58,1.1,7,0,0,0,0
2/5/15,72,49,60.5,3.6,4,0,0,0,0
2/6/15,65,53,59,2,6,0,0,0,0
2/7/15,64,51,57.5,0.5,7,0,T,0,0
2/8/15,71,59,65,8,0,0,0,0,0
2/9/15,67,56,61.5,4.5,3,0,0,0,M
2/10/15,72,51,61.5,4.5,3,0,0,0,0
2/11/15,83,55,69,12,0,4,0,0,0
2/12/15,84,57,70.5,13.4,0,6,0,0,0
2/13/15,84,56,70,12.9,0,5,0,0,0
2/14/15,82,58,70,12.9,0,5,0,0,0
2/15/15,74,53,63.5,6.4,1,0,0,0,0
2/16/15,63,54,58.5,1.3,6,0,0,0,0
2/17/15,65,58,61.5,4.3,3,0,0,0,0
2/18/15,67,56,61.5,4.3,3,0,0,0,0
2/19/15,65,57,61,3.8,4,0,0,0,0
2/20/15,65,57,61,3.7,4,0,0,0,0
2/21/15,65,58,61.5,4.2,3,0,0,0,0
2/22/15,62,53,57.5,0.2,7,0,0.27,0,0
2/23/15,62,48,55,-2.4,10,0,T,M,0
2/24/15,72,45,58.5,1.1,6,0,0,0,0
2/25/15,69,48,58.5,1.1,6,0,0,0,0
2/26/15,64,50,57,-0.5,8,0,0,0,0
2/27/15,64,52,58,0.5,7,0,0,0,0
2/28/15,61,53,57,-0.5,8,0,T,0,0
3/1/15,63,50,56.5,-1.1,8,0,0.25,0,0
3/2/15,60,47,53.5,-4.1,11,0,0.17,M,0
3/3/15,63,47,55,-2.6,10,0,0.07,M,0
3/4/15,68,47,57.5,-0.1,7,0,0,0,0
3/5/15,73,49,61,3.3,4,0,0,0,0
3/6/15,79,50,64.5,6.8,0,0,0,0,0
3/7/15,83,51,67,9.3,0,2,0,0,0
3/8/15,71,51,61,3.2,4,0,0,0,0
3/9/15,64,53,58.5,0.7,6,0,0,0,0
3/10/15,68,55,61.5,3.7,3,0,0,0,0
3/11/15,71,58,64.5,6.6,0,0,T,0,0
3/12/15,81,54,67.5,9.6,0,3,0,0,0
3/13/15,85,60,72.5,14.6,0,8,0,0,0
3/14/15,90,64,77,19.1,0,12,0,0,0
3/15/15,88,66,77,19,0,12,0,0,0
3/16/15,87,63,75,17,0,10,0,0,0
3/17/15,78,60,69,11,0,4,0,0,0
3/18/15,72,60,66,7.9,0,1,T,0,0
3/19/15,68,59,63.5,5.4,1,0,0,0,0
3/20/15,70,57,63.5,5.3,1,0,0,0,0
3/21/15,68,60,64,5.8,1,0,0,0,0
3/22/15,66,58,62,3.8,3,0,0,0,0
3/23/15,68,55,61.5,3.2,3,0,0,0,0
3/24/15,71,54,62.5,4.2,2,0,0,0,0
3/25/15,76,57,66.5,8.1,0,2,0,0,0
3/26/15,85,58,71.5,13.1,0,7,0,0,0
3/27/15,83,60,71.5,13,0,7,0,0,0
3/28/15,71,57,64,5.5,1,0,0,0,0
3/29/15,68,56,62,3.4,3,0,0,0,0
3/30/15,67,56,61.5,2.9,3,0,0,0,0
3/31/15,66,55,60.5,1.8,4,0,0,0,0
4/1/15,68,55,61.5,2.7,3,0,0,0,0
4/2/15,70,53,61.5,2.7,3,0,0,0,0
4/3/15,83,55,69,10.1,0,4,0,0,0
4/4/15,78,58,68,9,0,3,0,0,0
4/5/15,68,54,61,1.9,4,0,0,0,0
4/6/15,63,54,58.5,-0.6,6,0,0,0,0
4/7/15,65,50,57.5,-1.7,7,0,0.1,0,0
4/8/15,65,48,56.5,-2.8,8,0,0,0,0
4/9/15,69,52,60.5,1.1,4,0,0,0,0
4/10/15,65,51,58,-1.5,7,0,0,0,0
4/11/15,68,53,60.5,0.9,4,0,0,0,0
4/12/15,70,54,62,2.3,3,0,0,0,0
4/13/15,66,57,61.5,1.7,3,0,0,0,0
4/14/15,66,56,61,1.1,4,0,0,0,0
4/15/15,75,56,65.5,5.5,0,1,0,0,0
4/16/15,77,56,66.5,6.4,0,2,0,0,0
4/17/15,74,56,65,4.8,0,0,0,0,0
4/18/15,72,55,63.5,3.2,1,0,0,0,0
4/19/15,65,56,60.5,0.1,4,0,0,0,0
4/20/15,64,56,60,-0.5,5,0,0,0,0
4/21/15,65,57,61,0.3,4,0,0,0,0
4/22/15,65,54,59.5,-1.3,5,0,0,0,0
4/23/15,66,56,61,0.1,4,0,0,0,0
4/24/15,64,57,60.5,-0.5,4,0,0,0,0
4/25/15,63,56,59.5,-1.6,5,0,0.01,0,0
4/26/15,70,51,60.5,-0.7,4,0,0,0,0
4/27/15,76,55,65.5,4.2,0,1,0,0,0
4/28/15,80,56,68,6.6,0,3,0,0,0
4/29/15,76,59,67.5,6,0,3,0,0,0
4/30/15,73,59,66,4.4,0,1,0,0,0
5/1/15,72,55,63.5,1.8,1,0,0,0,0
5/2/15,68,57,62.5,0.8,2,0,0,0,0
5/3/15,67,56,61.5,-0.3,3,0,0,0,0
5/4/15,64,56,60,-1.9,5,0,0,0,0
5/5/15,65,57,61,-1,4,0,0,0,0
5/6/15,64,56,60,-2.1,5,0,0,0,0
5/7/15,63,54,58.5,-3.6,6,0,0.11,0,0
5/8/15,62,49,55.5,-6.7,9,0,0.1,M,0
5/9/15,64,55,59.5,-2.8,5,0,0,0,0
5/10/15,66,54,60,-2.4,5,0,0,0,0
5/11/15,67,57,62,-0.4,3,0,0,0,0
5/12/15,70,57,63.5,1,1,0,0,0,0
5/13/15,67,55,61,-1.5,4,0,0,0,0
5/14/15,64,54,59,-3.6,6,0,0.19,0,0
5/15/15,64,54,59,-3.7,6,0,0.03,0,0
5/16/15,67,52,59.5,-3.2,5,0,0,0,0
5/17/15,68,57,62.5,-0.3,2,0,0,0,0
5/18/15,66,58,62,-0.8,3,0,0,0,0
5/19/15,66,54,60,-2.9,5,0,0,0,0
5/20/15,68,57,62.5,-0.4,2,0,0,0,0
5/21/15,67,57,62,-1,3,0,0,0,0
5/22/15,65,57,61,-2.1,4,0,0,0,0
5/23/15,66,57,61.5,-1.6,3,0,0,0,0
5/24/15,66,58,62,-1.2,3,0,0,0,0
5/25/15,66,57,61.5,-1.8,3,0,0,0,0
5/26/15,66,58,62,-1.3,3,0,0,0,0
5/27/15,67,58,62.5,-0.9,2,0,0,0,0
5/28/15,67,57,62,-1.5,3,0,0,0,0
5/29/15,69,56,62.5,-1,2,0,0,0,0
5/30/15,66,56,61,-2.6,4,0,0,0,0
5/31/15,66,56,61,-2.7,4,0,0,0,0
6/1/15,67,57,62,-1.8,3,0,0,0,0
6/2/15,69,59,64,0.1,1,0,0,0,0
6/3/15,69,59,64,0,1,0,0,0,0
6/4/15,66,59,62.5,-1.6,2,0,0,0,0
6/5/15,68,59,63.5,-0.7,1,0,0,0,0
6/6/15,68,59,63.5,-0.8,1,0,0,0,0
6/7/15,68,59,63.5,-0.9,1,0,0,0,0
6/8/15,69,59,64,-0.5,1,0,0,0,0
6/9/15,81,60,70.5,5.9,0,6,0.01,0,M
6/10/15,70,60,65,0.2,0,0,0,0,0
6/11/15,70,60,65,0.1,0,0,T,0,0
6/12/15,69,61,65,0,0,0,0,0,0
6/13/15,68,62,65,-0.1,0,0,T,0,0
6/14/15,72,61,66.5,1.2,0,2,0,0,0
6/15/15,69,61,65,-0.4,0,0,0,0,0
6/16/15,69,61,65,-0.6,0,0,0,0,0
6/17/15,70,61,65.5,-0.2,0,1,0,0,0
6/18/15,69,61,65,-0.8,0,0,0,0,0
6/19/15,71,59,65,-1,0,0,0,0,0
6/20/15,77,61,69,2.9,0,4,0,0,0
6/21/15,73,63,68,1.7,0,3,0,0,0
6/22/15,74,63,68.5,2.1,0,4,0,0,0
6/23/15,76,64,70,3.4,0,5,0,0,0
6/24/15,76,63,69.5,2.8,0,5,0,0,0
6/25/15,72,61,66.5,-0.3,0,2,0,0,0
6/26/15,70,60,65,-2,0,0,0,0,0
6/27/15,69,62,65.5,-1.6,0,1,T,0,0
6/28/15,75,66,70.5,3.2,0,6,0,0,0
6/29/15,78,67,72.5,5.1,0,8,0,0,0
6/30/15,85,65,75,7.5,0,10,T,0,0
7/1/15,76,66,71,3.4,0,6,T,0,0
7/2/15,75,63,69,1.2,0,4,T,0,0
7/3/15,71,62,66.5,-1.4,0,2,0,0,0
7/4/15,72,62,67,-1,0,2,0,0,0
7/5/15,70,63,66.5,-1.6,0,2,0,0,0
7/6/15,70,63,66.5,-1.7,0,2,0,0,0
7/7/15,72,64,68,-0.3,0,3,0,0,0
7/8/15,71,65,68,-0.4,0,3,0,0,0
7/9/15,73,63,68,-0.5,0,3,0,0,0
7/10/15,71,62,66.5,-2,0,2,0,0,0
7/11/15,73,62,67.5,-1.1,0,3,0,0,0
7/12/15,74,64,69,0.3,0,4,0,0,0
7/13/15,75,65,70,1.3,0,5,0,0,0
7/14/15,75,64,69.5,0.7,0,5,0,0,0
7/15/15,75,64,69.5,0.6,0,5,0,0,0
7/16/15,74,64,69,0.1,0,4,0,0,0
7/17/15,73,64,68.5,-0.5,0,4,0,0,0
7/18/15,85,64,74.5,5.5,0,10,0.32,0,0
7/19/15,86,72,79,10,0,14,0.03,0,0
7/20/15,84,69,76.5,7.4,0,12,0,0,0
7/21/15,77,68,72.5,3.4,0,8,0,0,0
7/22/15,77,67,72,2.9,0,7,T,0,0
7/23/15,77,68,72.5,3.3,0,8,0,0,0
7/24/15,77,67,72,2.8,0,7,0,0,0
7/25/15,79,68,73.5,4.3,0,9,0,0,0
7/26/15,76,67,71.5,2.3,0,7,0,0,0
7/27/15,76,67,71.5,2.3,0,7,0,0,0
7/28/15,76,66,71,1.7,0,6,0,0,0
7/29/15,74,65,69.5,0.2,0,5,0,0,0
7/30/15,77,67,72,2.7,0,7,0,0,0
7/31/15,76,67,71.5,2.2,0,7,0,0,0
8/1/15,75,67,71,1.7,0,6,0,0,0
8/2/15,77,68,72.5,3.2,0,8,0,0,0
8/3/15,77,67,72,2.6,0,7,0,0,0
8/4/15,80,66,73,3.6,0,8,0,0,0
8/5/15,80,66,73,3.6,0,8,0,0,0
8/6/15,76,67,71.5,2.1,0,7,0,0,0
8/7/15,77,66,71.5,2.1,0,7,0,0,0
8/8/15,74,65,69.5,0.1,0,5,0,0,0
8/9/15,73,64,68.5,-1,0,4,0,0,0
8/10/15,74,65,69.5,0,0,5,0,0,0
8/11/15,75,64,69.5,0,0,5,0,0,0
8/12/15,77,64,70.5,1,0,6,0,0,0
8/13/15,81,68,74.5,4.9,0,10,0,0,0
8/14/15,81,69,75,5.4,0,10,0,0,0
8/15/15,81,69,75,5.4,0,10,0,0,0
8/16/15,82,68,75,5.4,0,10,0,0,0
8/17/15,82,68,75,5.4,0,10,0,0,0
8/18/15,77,67,72,2.3,0,7,0,0,0
8/19/15,75,66,70.5,0.8,0,6,0,0,0
8/20/15,77,67,72,2.3,0,7,0,0,0
8/21/15,75,67,71,1.3,0,6,0,0,0
8/22/15,75,67,71,1.3,0,6,0,0,0
8/23/15,74,66,70,0.2,0,5,0,0,0
8/24/15,74,64,69,-0.8,0,4,0,0,0
8/25/15,83,68,75.5,5.7,0,11,0,0,0
8/26/15,81,69,75,5.2,0,10,0,0,0
8/27/15,83,71,77,7.2,0,12,0,0,0
8/28/15,86,72,79,9.2,0,14,0,0,0
8/29/15,84,70,77,7.2,0,12,0,0,0
8/30/15,82,70,76,6.2,0,11,0,0,0
8/31/15,81,68,74.5,4.7,0,10,0,0,0
9/1/15,78,68,73,3.2,0,8,0,0,0
9/2/15,74,67,70.5,0.8,0,6,0,0,0
9/3/15,75,67,71,1.3,0,6,0,0,0
9/4/15,75,67,71,1.3,0,6,0,0,0
9/5/15,78,64,71,1.4,0,6,0,0,0
9/6/15,78,65,71.5,1.9,0,7,0,0,0
9/7/15,83,69,76,6.4,0,11,0,0,0
9/8/15,85,71,78,8.5,0,13,0,0,0
9/9/15,92,75,83.5,14,0,19,0.01,0,0
9/10/15,91,75,83,13.6,0,18,0,0,0
9/11/15,86,74,80,10.7,0,15,0,0,0
9/12/15,88,75,81.5,12.2,0,17,T,0,0
9/13/15,83,71,77,7.8,0,12,0,0,0
9/14/15,81,70,75.5,6.4,0,11,0,0,0
9/15/15,77,68,72.5,3.4,0,8,1.8,0,0
9/16/15,74,67,70.5,1.5,0,6,0,0,0
9/17/15,77,65,71,2.1,0,6,0,0,0
9/18/15,80,65,72.5,3.7,0,8,0,0,0
9/19/15,82,68,75,6.3,0,10,0,0,0
9/20/15,89,72,80.5,11.9,0,16,0,0,0
9/21/15,84,71,77.5,9,0,13,0,0,0
9/22/15,78,70,74,5.6,0,9,0,0,0
9/23/15,78,69,73.5,5.2,0,9,0,0,0
9/24/15,81,69,75,6.8,0,10,0,0,0
9/25/15,84,70,77,8.9,0,12,0,0,0
9/26/15,82,70,76,8,0,11,0,0,0
9/27/15,80,68,74,6.1,0,9,0,0,0
9/28/15,81,68,74.5,6.7,0,10,0,0,0
9/29/15,80,65,72.5,4.8,0,8,0,0,0
9/30/15,82,67,74.5,6.9,0,10,0,0,0
10/1/15,81,67,74,6.5,0,9,0,0,0
10/2/15,81,66,73.5,6.1,0,9,0,0,0
10/3/15,79,65,72,4.7,0,7,0,0,0
10/4/15,71,63,67,-0.2,0,2,0.08,0,0
10/5/15,75,62,68.5,1.4,0,4,0,0,0
10/6/15,75,63,69,2,0,4,0,0,0
10/7/15,77,64,70.5,3.6,0,6,0,0,0
10/8/15,82,67,74.5,7.7,0,10,0,0,0
10/9/15,92,68,80,13.3,0,15,0,0,0
10/10/15,99,74,86.5,19.9,0,22,0,0,0
10/11/15,94,74,84,17.5,0,19,0,0,0
10/12/15,91,73,82,15.6,0,17,0,0,0
10/13/15,87,73,80,13.7,0,15,0,0,0
10/14/15,82,72,77,10.8,0,12,0,0,M
10/15/15,79,71,75,8.9,0,10,0,0,0
10/16/15,74,70,72,6,0,7,0,0,0
10/17/15,78,70,74,8.1,0,9,0,0,0
10/18/15,76,68,72,6.3,0,7,0.02,0,0
10/19/15,75,65,70,4.4,0,5,T,0,0
10/20/15,77,64,70.5,5,0,6,0,0,0
10/21/15,79,63,71,5.6,0,6,0,0,0
10/22/15,76,63,69.5,4.2,0,5,0,0,0
10/23/15,74,64,69,3.8,0,4,0,0,0
10/24/15,89,64,76.5,11.5,0,12,0,0,0
10/25/15,84,67,75.5,10.6,0,11,0,0,0
10/26/15,81,63,72,7.2,0,7,0,0,0
10/27/15,81,61,71,6.4,0,6,0,0,0
10/28/15,76,67,71.5,7,0,7,0,0,0
10/29/15,84,70,77,12.6,0,12,0,0,0
10/30/15,84,69,76.5,12.3,0,12,0,0,0
10/31/15,85,60,72.5,8.5,0,8,0,0,0
11/1/15,80,60,70,6.1,0,5,0,0,0
11/2/15,71,58,64.5,0.8,0,0,0.03,0,0
11/3/15,68,54,61,-2.6,4,0,T,0,0
11/4/15,67,50,58.5,-4.9,6,0,0,0,0
11/5/15,72,51,61.5,-1.7,3,0,0,0,0
11/6/15,73,53,63,0,2,0,0,0,0
11/7/15,80,54,67,4.2,0,2,0,0,0
11/8/15,74,54,64,1.4,1,0,0,0,0
11/9/15,68,55,61.5,-0.9,3,0,0.01,0,0
11/10/15,67,54,60.5,-1.7,4,0,0,0,0
11/11/15,70,48,59,-3,6,0,0,0,0
11/12/15,75,49,62,0.2,3,0,0,0,0
11/13/15,78,53,65.5,3.9,0,1,0,0,0
11/14/15,75,51,63,1.6,2,0,0,0,0
11/15/15,67,51,59,-2.2,6,0,T,0,0
11/16/15,64,52,58,-3,7,0,0,0,0
11/17/15,71,47,59,-1.8,6,0,0,0,0
11/18/15,70,49,59.5,-1,5,0,0,0,0
11/19/15,82,53,67.5,7.2,0,3,0,0,0
11/20/15,81,55,68,7.9,0,3,0,0,0
11/21/15,89,59,74,14.1,0,9,0,0,0
11/22/15,86,60,73,13.3,0,8,0,0,0
11/23/15,77,56,66.5,7,0,2,0,0,0
11/24/15,66,55,60.5,1.2,4,0,0.02,0,0
11/25/15,62,52,57,-2.1,8,0,T,0,0
11/26/15,64,48,56,-2.9,9,0,0,0,0
11/27/15,65,49,57,-1.7,8,0,0,0,0
11/28/15,66,46,56,-2.5,9,0,0,0,0
11/29/15,68,50,59,0.7,6,0,0,0,0
11/30/15,66,45,55.5,-2.6,9,0,0,0,0
12/1/15,71,47,59,1,6,0,0,0,0
12/2/15,79,50,64.5,6.7,0,0,0,0,0
12/3/15,74,57,65.5,7.9,0,1,0,0,0
12/4/15,65,51,58,0.5,7,0,0,0,0
12/5/15,74,50,62,4.6,3,0,0,0,0
12/6/15,76,56,66,8.8,0,1,0,0,0
12/7/15,77,54,65.5,8.4,0,1,0,0,0
12/8/15,80,56,68,11,0,3,0,0,0
12/9/15,74,54,64,7.1,1,0,0,0,0
12/10/15,66,54,60,3.2,5,0,0.05,0,0
12/11/15,64,55,59.5,2.8,5,0,0,0,0
12/12/15,69,55,62,5.4,3,0,0,0,0
12/13/15,66,48,57,0.5,8,0,0.12,M,0
12/14/15,60,49,54.5,-2,10,0,0,0,0
12/15/15,60,44,52,-4.4,13,0,0,0,0
12/16/15,60,40,50,-6.4,15,0,0,0,0
12/17/15,64,44,54,-2.3,11,0,0,0,0
12/18/15,71,47,59,2.7,6,0,0,0,0
12/19/15,62,48,55,-1.3,10,0,0.36,M,0
12/20/15,59,47,53,-3.2,12,0,0,0,0
12/21/15,61,44,52.5,-3.7,12,0,0.09,M,0
12/22/15,64,54,59,2.8,6,0,0.46,0,0
12/23/15,67,53,60,3.8,5,0,0,0,0
12/24/15,61,50,55.5,-0.7,9,0,0,0,0
12/25/15,60,49,54.5,-1.7,10,0,0,0,0
12/26/15,60,46,53,-3.2,12,0,0,0,0
12/27/15,60,39,49.5,-6.8,15,0,0,0,0
12/28/15,57,39,48,-8.3,17,0,0,0,0
12/29/15,59,40,49.5,-6.8,15,0,0,0,0
12/30/15,61,42,51.5,-4.8,13,0,0,0,0
12/31/15,67,44,55.5,-0.8,9,0,0,M,M
1/1/16,65,44,54.5,-1.9,10,0,0,0,0
1/2/16,64,47,55.5,-0.9,9,0,0,0,0
1/3/16,62,45,53.5,-2.9,11,0,0,0,0
1/4/16,67,56,61.5,5,3,0,T,0,0
1/5/16,59,52,55.5,-1,9,0,1.42,0,0
1/6/16,57,47,52,-4.5,13,0,1.18,M,0
1/7/16,58,48,53,-3.5,12,0,0.12,M,0
1/8/16,61,47,54,-2.6,11,0,0,0,0
1/9/16,60,46,53,-3.6,12,0,T,M,0
1/10/16,60,51,55.5,-1.1,9,0,0.01,0,0
1/11/16,62,49,55.5,-1.1,9,0,0,0,0
1/12/16,67,45,56,-0.7,9,0,0,0,0
1/13/16,61,44,52.5,-4.2,12,0,0,0,0
1/14/16,62,51,56.5,-0.2,8,0,0,0,0
1/15/16,63,49,56,-0.7,9,0,0,0,0
1/16/16,63,54,58.5,1.7,6,0,0,0,0
1/17/16,64,51,57.5,0.7,7,0,0,0,0
1/18/16,62,54,58,1.2,7,0,0.01,0,0
1/19/16,61,55,58,1.2,7,0,0.05,0,0
1/20/16,64,56,60,3.2,5,0,0.01,0,0
1/21/16,76,50,63,6.2,2,0,0,0,0
1/22/16,65,50,57.5,0.7,7,0,0,0,0
1/23/16,62,53,57.5,0.7,7,0,T,0,0
1/24/16,65,49,57,0.2,8,0,0,0,0
1/25/16,70,49,59.5,2.7,5,0,0,0,0
1/26/16,71,48,59.5,2.6,5,0,0,0,0
1/27/16,75,51,63,6.1,2,0,0,0,0
1/28/16,68,48,58,1.1,7,0,0,0,0
1/29/16,66,50,58,1.1,7,0,0,0,0
1/30/16,65,56,60.5,3.6,4,0,T,0,0
1/31/16,60,52,56,-0.9,9,0,0.14,0,0
2/1/16,58,46,52,-4.9,13,0,0,0,0
2/2/16,58,41,49.5,-7.4,15,0,0,0,0
2/3/16,65,45,55,-1.9,10,0,0,0,0
2/4/16,68,48,58,1.1,7,0,0,0,0
2/5/16,77,48,62.5,5.6,2,0,0,0,0
2/6/16,76,51,63.5,6.5,1,0,0,0,0
2/7/16,82,51,66.5,9.5,0,2,0,0,0
2/8/16,89,52,70.5,13.5,0,6,0,0,0
2/9/16,88,60,74,17,0,9,0,0,0
2/10/16,85,60,72.5,15.5,0,8,0,0,0
2/11/16,79,57,68,11,0,3,0,0,0
2/12/16,79,55,67,9.9,0,2,0,0,0
2/13/16,62,50,56,-1.1,9,0,0,0,0
2/14/16,69,48,58.5,1.4,6,0,0,0,0
2/15/16,86,56,71,13.9,0,6,0,0,0
2/16/16,88,59,73.5,16.3,0,9,0,0,0
2/17/16,73,55,64,6.8,1,0,0.6,0,0
2/18/16,64,55,59.5,2.3,5,0,0.13,0,0
2/19/16,64,51,57.5,0.3,7,0,0,0,0
2/20/16,66,51,58.5,1.2,6,0,0,0,0
2/21/16,65,51,58,0.7,7,0,0,0,0
2/22/16,75,51,63,5.7,2,0,0,0,0
2/23/16,83,54,68.5,11.1,0,4,0,0,0
2/24/16,81,60,70.5,13.1,0,6,0,0,0
2/25/16,79,55,67,9.6,0,2,0,0,0
2/26/16,71,54,62.5,5,2,0,0,0,0
2/27/16,67,52,59.5,2,5,0,0,0,0
2/28/16,67,54,60.5,3,4,0,0,0,0
2/29/16,65,56,60.5,3,4,0,0,0,0
3/1/16,66,55,60.5,2.9,4,0,0,0,0
3/2/16,65,53,59,1.4,6,0,0,0,0
3/3/16,66,55,60.5,2.9,4,0,0,0,0
3/4/16,67,55,61,3.4,4,0,0,0,0
3/5/16,65,57,61,3.3,4,0,0.04,0,0
3/6/16,65,56,60.5,2.8,4,0,0.51,0,0
3/7/16,59,50,54.5,-3.2,10,0,0.32,0,0
3/8/16,67,49,58,0.2,7,0,0,0,0
3/9/16,68,51,59.5,1.7,5,0,0,0,0
3/10/16,70,55,62.5,4.7,2,0,0,0,0
3/11/16,66,52,59,1.1,6,0,0.53,0,0
3/12/16,61,47,54,-3.9,11,0,0,0,0
3/13/16,63,50,56.5,-1.4,8,0,0,0,0
3/14/16,66,58,62,4.1,3,0,0,0,0
3/15/16,69,54,61.5,3.5,3,0,0,0,0
3/16/16,74,56,65,7,0,0,0,0,0
3/17/16,73,58,65.5,7.5,0,1,0,0,0
3/18/16,66,58,62,3.9,3,0,0,0,0
3/19/16,67,57,62,3.9,3,0,0,0,0
3/20/16,66,57,61.5,3.3,3,0,0,0,0
3/21/16,66,57,61.5,3.3,3,0,0,0,0
3/22/16,69,54,61.5,3.3,3,0,0,0,0
3/23/16,76,54,65,6.7,0,0,0,0,0
3/24/16,77,53,65,6.7,0,0,0,0,0
3/25/16,71,52,61.5,3.1,3,0,0,0,0
3/26/16,70,56,63,4.6,2,0,0,0,0
3/27/16,67,58,62.5,4,2,0,0,0,0
3/28/16,62,55,58.5,0,6,0,0.06,0,0
3/29/16,63,50,56.5,-2.1,8,0,0,0,0
3/30/16,63,50,56.5,-2.1,8,0,0,0,0
3/31/16,66,49,57.5,-1.2,7,0,0,0,0
4/1/16,67,53,60,1.2,5,0,0,0,0
4/2/16,69,54,61.5,2.7,3,0,0,0,0
4/3/16,66,54,60,1.1,5,0,0,0,0
4/4/16,71,53,62,3,3,0,0,0,0
4/5/16,75,56,65.5,6.4,0,1,0,0,0
4/6/16,74,57,65.5,6.4,0,1,0,0,0
4/7/16,65,58,61.5,2.3,3,0,0.05,0,0
4/8/16,61,58,59.5,0.2,5,0,0.14,0,0
4/9/16,65,59,62,2.6,3,0,0.1,0,0
4/10/16,68,58,63,3.5,2,0,0,0,0
4/11/16,69,58,63.5,3.9,1,0,0,0,0
4/12/16,69,56,62.5,2.8,2,0,0,0,0
4/13/16,67,57,62,2.2,3,0,0,0,0
4/14/16,68,55,61.5,1.6,3,0,0,0,0
4/15/16,79,60,69.5,9.5,0,5,0,0,0
4/16/16,79,59,69,8.9,0,4,0,0,0
4/17/16,84,56,70,9.8,0,5,0,0,0
4/18/16,83,58,70.5,10.2,0,6,0,0,0
4/19/16,83,61,72,11.6,0,7,0,0,0
4/20/16,81,59,70,9.5,0,5,0,0,0
4/21/16,72,57,64.5,3.8,0,0,0,0,0
4/22/16,69,58,63.5,2.7,1,0,0,0,0
4/23/16,72,55,63.5,2.6,1,0,0,0,0
4/24/16,71,56,63.5,2.5,1,0,0,0,0
4/25/16,65,54,59.5,-1.6,5,0,0,0,0
4/26/16,67,51,59,-2.2,6,0,0,0,0
4/27/16,67,55,61,-0.3,4,0,0,0,0
4/28/16,65,54,59.5,-1.9,5,0,0,0,0
4/29/16,67,55,61,-0.5,4,0,0,0,0
4/30/16,65,55,60,-1.6,5,0,0,0,0
5/1/16,70,55,62.5,0.8,2,0,0,0,0
5/2/16,66,57,61.5,-0.2,3,0,0,0,0
5/3/16,69,57,63,1.2,2,0,0,0,0
5/4/16,65,56,60.5,-1.4,4,0,0,0,0
5/5/16,68,57,62.5,0.5,2,0,0.03,0,0
5/6/16,68,57,62.5,0.4,2,0,0,0,0
5/7/16,67,57,62,-0.1,3,0,0.56,0,0
5/8/16,68,58,63,0.8,2,0,0,0,0
5/9/16,66,58,62,-0.3,3,0,0,0,0
5/10/16,68,56,62,-0.4,3,0,0,0,0
5/11/16,67,57,62,-0.4,3,0,0,0,0
5/12/16,66,57,61.5,-1,3,0,0,0,0
5/13/16,70,59,64.5,2,0,0,0,0,0
5/14/16,67,61,64,1.4,1,0,0,0,0
5/15/16,70,61,65.5,2.8,0,1,0,0,0
5/16/16,69,61,65,2.3,0,0,0,0,0
5/17/16,69,61,65,2.2,0,0,0,0,0
5/18/16,64,60,62,-0.8,3,0,0,0,0
5/19/16,68,60,64,1.1,1,0,0,0,0
5/20/16,67,57,62,-0.9,3,0,0,0,0
5/21/16,66,56,61,-2,4,0,0,0,0
5/22/16,68,53,60.5,-2.6,4,0,0,0,0
5/23/16,71,56,63.5,0.4,1,0,0,0,0
5/24/16,67,58,62.5,-0.7,2,0,T,0,0
5/25/16,67,57,62,-1.3,3,0,0,0,0
5/26/16,69,55,62,-1.3,3,0,0,0,0
5/27/16,68,58,63,-0.4,2,0,0,0,0
5/28/16,67,59,63,-0.5,2,0,0,0,0
5/29/16,69,59,64,0.5,1,0,T,0,0
5/30/16,69,58,63.5,-0.1,1,0,0,0,0
5/31/16,69,59,64,0.3,1,0,0,0,0
6/1/16,69,60,64.5,0.7,0,0,0,0,0
6/2/16,68,57,62.5,-1.4,2,0,0,0,0
6/3/16,73,58,65.5,1.5,0,1,0,0,0
6/4/16,67,57,62,-2.1,3,0,0,0,0
6/5/16,63,56,59.5,-4.7,5,0,0,0,0
6/6/16,68,57,62.5,-1.8,2,0,0,0,0
6/7/16,69,59,64,-0.4,1,0,0,0,0
6/8/16,71,59,65,0.5,0,0,0,0,0
6/9/16,68,60,64,-0.6,1,0,0,0,0
6/10/16,71,60,65.5,0.7,0,1,0,0,0
6/11/16,71,62,66.5,1.6,0,2,T,0,0
6/12/16,69,60,64.5,-0.5,0,0,0,0,0
6/13/16,69,59,64,-1.1,1,0,0,0,0
6/14/16,68,59,63.5,-1.8,1,0,0,0,0
6/15/16,69,61,65,-0.4,0,0,0,0,0
6/16/16,71,57,64,-1.6,1,0,0,0,0
6/17/16,76,60,68,2.3,0,3,0,0,0
6/18/16,77,61,69,3.2,0,4,0,0,0
6/19/16,85,64,74.5,8.5,0,10,0,0,0
6/20/16,M,67,M,M,M,M,0,0,0
6/21/16,83,64,73.5,7.2,0,9,0,0,0
6/22/16,75,63,69,2.6,0,4,0,0,0
6/23/16,75,64,69.5,2.9,0,5,0,0,0
6/24/16,73,63,68,1.3,0,3,0,0,0
6/25/16,74,65,69.5,2.7,0,5,0,0,0
6/26/16,73,65,69,2,0,4,0,0,0
6/27/16,78,65,71.5,4.4,0,7,0,0,0
6/28/16,76,66,71,3.7,0,6,0,0,0
6/29/16,75,65,70,2.6,0,5,0,0,0
6/30/16,76,66,71,3.5,0,6,0,0,0
7/1/16,75,66,70.5,2.9,0,6,0,0,0
7/2/16,74,64,69,1.2,0,4,0,0,0
7/3/16,73,64,68.5,0.6,0,4,0,0,0
7/4/16,72,64,68,0,0,3,0,0,0
7/5/16,74,64,69,0.9,0,4,0,0,0
7/6/16,74,64,69,0.8,0,4,0,0,0
7/7/16,75,64,69.5,1.2,0,5,0,0,0
7/8/16,75,65,70,1.6,0,5,0,0,0
7/9/16,76,63,69.5,1,0,5,0,0,0
7/10/16,76,66,71,2.5,0,6,0,0,0
7/11/16,77,64,70.5,1.9,0,6,0,0,0
7/12/16,74,66,70,1.3,0,5,0,0,0
7/13/16,76,65,70.5,1.8,0,6,0,0,0
7/14/16,75,64,69.5,0.7,0,5,0,0,0
7/15/16,75,63,69,0.1,0,4,0,0,0
7/16/16,75,64,69.5,0.6,0,5,0,0,0
7/17/16,75,64,69.5,0.5,0,5,0,0,0
7/18/16,76,66,71,2,0,6,0,0,0
7/19/16,76,65,70.5,1.5,0,6,0,0,0
7/20/16,80,65,72.5,3.4,0,8,0,0,0
7/21/16,83,68,75.5,6.4,0,11,0,0,0
7/22/16,84,68,76,6.9,0,11,0,0,0
7/23/16,84,70,77,7.8,0,12,0,0,0
7/24/16,86,67,76.5,7.3,0,12,0,0,0
7/25/16,82,68,75,5.8,0,10,0,0,0
7/26/16,79,67,73,3.8,0,8,0,0,0
7/27/16,80,68,74,4.8,0,9,0,0,0
7/28/16,79,69,74,4.7,0,9,0,0,0
7/29/16,79,69,74,4.7,0,9,0,0,0
7/30/16,79,69,74,4.7,0,9,0,0,0
7/31/16,82,69,75.5,6.2,0,11,0,0,0
8/1/16,78,67,72.5,3.2,0,8,0,0,0
8/2/16,78,67,72.5,3.2,0,8,0,0,0
8/3/16,79,67,73,3.6,0,8,0,0,0
8/4/16,78,67,72.5,3.1,0,8,0,0,0
8/5/16,77,66,71.5,2.1,0,7,0,0,0
8/6/16,75,66,70.5,1.1,0,6,0,0,0
8/7/16,76,66,71,1.6,0,6,0,0,0
8/8/16,77,66,71.5,2.1,0,7,0,0,0
8/9/16,77,67,72,2.5,0,7,0,0,0
8/10/16,77,66,71.5,2,0,7,0,0,0
8/11/16,78,66,72,2.5,0,7,0,0,0
8/12/16,76,65,70.5,1,0,6,0,0,0
8/13/16,76,67,71.5,1.9,0,7,0,0,0
8/14/16,77,68,72.5,2.9,0,8,0,0,0
8/15/16,78,65,71.5,1.9,0,7,0,0,0
8/16/16,76,61,68.5,-1.1,0,4,0,0,0
8/17/16,74,62,68,-1.6,0,3,0,0,0
8/18/16,74,61,67.5,-2.2,0,3,0,0,0
8/19/16,73,62,67.5,-2.2,0,3,0,0,0
8/20/16,72,63,67.5,-2.2,0,3,0,0,0
8/21/16,74,63,68.5,-1.2,0,4,0,0,0
8/22/16,75,63,69,-0.7,0,4,0,0,0
8/23/16,76,64,70,0.2,0,5,0,0,0
8/24/16,75,64,69.5,-0.3,0,5,0,0,0
8/25/16,75,64,69.5,-0.3,0,5,0,0,0
8/26/16,76,65,70.5,0.7,0,6,0,0,0
8/27/16,74,65,69.5,-0.3,0,5,0,0,0
8/28/16,75,63,69,-0.8,0,4,0,0,0
8/29/16,77,66,71.5,1.7,0,7,0,0,0
8/30/16,80,66,73,3.2,0,8,0,0,0
8/31/16,76,68,72,2.2,0,7,0,0,0
9/1/16,76,64,70,0.2,0,5,0,0,0
9/2/16,75,67,71,1.3,0,6,0,0,0
9/3/16,74,65,69.5,-0.2,0,5,0,0,0
9/4/16,73,64,68.5,-1.2,0,4,0,0,0
9/5/16,73,63,68,-1.6,0,3,0,0,0
9/6/16,74,63,68.5,-1.1,0,4,0,0,0
9/7/16,74,64,69,-0.6,0,4,0,0,0
9/8/16,74,65,69.5,0,0,5,0,0,0
9/9/16,73,65,69,-0.5,0,4,0,0,0
9/10/16,73,64,68.5,-0.9,0,4,0,0,0
9/11/16,71,63,67,-2.3,0,2,0,0,0
9/12/16,69,64,66.5,-2.8,0,2,0,0,0
9/13/16,69,62,65.5,-3.7,0,1,0.01,0,0
9/14/16,71,59,65,-4.1,0,0,0,0,0
9/15/16,74,58,66,-3.1,0,1,0,0,0
9/16/16,73,61,67,-2,0,2,0,0,0
9/17/16,74,61,67.5,-1.4,0,3,0,0,0
9/18/16,73,62,67.5,-1.3,0,3,0,0,0
9/19/16,79,62,70.5,1.8,0,6,T,0,0
9/20/16,88,71,79.5,10.9,0,15,0,0,0
9/21/16,79,67,73,4.5,0,8,0,0,0
9/22/16,75,65,70,1.6,0,5,0,0,0
9/23/16,75,61,68,-0.3,0,3,0,0,0
9/24/16,84,62,73,4.8,0,8,0,0,0
9/25/16,92,63,77.5,9.4,0,13,0,0,0
9/26/16,101,70,85.5,17.5,0,21,0,0,0
9/27/16,96,72,84,16.1,0,19,0,0,0
9/28/16,86,70,78,10.2,0,13,0,0,0
9/29/16,84,69,76.5,8.8,0,12,0,0,0
9/30/16,80,67,73.5,5.9,0,9,0,0,0
10/1/16,78,64,71,3.5,0,6,0,0,0
10/2/16,74,61,67.5,0.1,0,3,0,0,0
10/3/16,73,60,66.5,-0.8,0,2,0,0,0
10/4/16,74,60,67,-0.2,0,2,0,0,0
10/5/16,73,59,66,-1.1,0,1,0,0,0
10/6/16,74,58,66,-1,0,1,0,0,0
10/7/16,88,60,74,7.1,0,9,0,0,0
10/8/16,84,61,72.5,5.7,0,8,0,0,0
10/9/16,82,62,72,5.3,0,7,0,0,0
10/10/16,76,62,69,2.4,0,4,0,0,0
10/11/16,69,61,65,-1.5,0,0,0,0,0
10/12/16,68,61,64.5,-1.9,0,0,0,0,0
10/13/16,70,58,64,-2.3,1,0,0,0,0
10/14/16,69,61,65,-1.2,0,0,0,0,0
10/15/16,71,61,66,-0.1,0,1,0,0,0
10/16/16,72,65,68.5,2.5,0,4,T,0,0
10/17/16,69,61,65,-0.9,0,0,0.26,0,0
10/18/16,72,59,65.5,-0.2,0,1,0,0,0
10/19/16,86,59,72.5,6.9,0,8,0,0,0
10/20/16,97,63,80,14.5,0,15,0,0,0
10/21/16,89,66,77.5,12.1,0,13,0,0,0
10/22/16,78,60,69,3.7,0,4,0,0,0
10/23/16,81,62,71.5,6.3,0,7,0.02,0,0
10/24/16,70,63,66.5,1.5,0,2,0.03,0,0
10/25/16,71,59,65,0.1,0,0,0,0,0
10/26/16,72,60,66,1.2,0,1,0,0,0
10/27/16,76,60,68,3.4,0,3,T,0,0
10/28/16,75,64,69.5,5,0,5,T,0,0
10/29/16,76,61,68.5,4.1,0,4,0,0,0
10/30/16,67,62,64.5,0.3,0,0,0.05,0,0
10/31/16,68,57,62.5,-1.5,2,0,0,0,0
11/1/16,68,56,62,-1.9,3,0,0,0,0
11/2/16,73,54,63.5,-0.2,1,0,0,0,0
11/3/16,87,58,72.5,8.9,0,8,0,0,0
11/4/16,78,59,68.5,5.1,0,4,0,0,0
11/5/16,74,57,65.5,2.3,0,1,0,0,0
11/6/16,72,56,64,1,1,0,0,0,0
11/7/16,71,56,63.5,0.7,1,0,0,0,0
11/8/16,80,56,68,5.4,0,3,0,0,0
11/9/16,94,65,79.5,17.1,0,15,0,0,0
11/10/16,91,63,77,14.8,0,12,0,0,0
11/11/16,87,63,75,13,0,10,0,0,0
11/12/16,81,62,71.5,9.7,0,7,0,0,0
11/13/16,86,61,73.5,11.9,0,9,0,0,0
11/14/16,85,60,72.5,11.1,0,8,0,0,0
11/15/16,74,56,65,3.8,0,0,0,0,0
11/16/16,68,56,62,1,3,0,0,0,0
11/17/16,72,51,61.5,0.7,3,0,0,0,0
11/18/16,77,55,66,5.5,0,1,0,0,0
11/19/16,71,52,61.5,1.2,3,0,0,0,0
11/20/16,64,56,60,-0.1,5,0,0.5,0,0
11/21/16,64,56,60,0.1,5,0,0.29,0,0
11/22/16,67,53,60,0.3,5,0,0,0,0
11/23/16,72,51,61.5,2,3,0,0,0,0
11/24/16,80,51,65.5,6.2,0,1,0,0,0
11/25/16,76,51,63.5,4.4,1,0,0,0,0
11/26/16,62,47,54.5,-4.4,10,0,0.25,M,0
11/27/16,64,50,57,-1.7,8,0,0.07,0,0
11/28/16,62,47,54.5,-4,10,0,0,0,0
11/29/16,68,48,58,-0.3,7,0,0,0,0
11/30/16,67,48,57.5,-0.6,7,0,0,0,0
12/1/16,66,50,58,0,7,0,0,0,0
12/2/16,67,50,58.5,0.7,6,0,0,0,0
12/3/16,66,45,55.5,-2.1,9,0,0,0,0
12/4/16,67,46,56.5,-1,8,0,0,0,0
12/5/16,65,50,57.5,0.1,7,0,0,0,0
12/6/16,65,54,59.5,2.3,5,0,0,0,0
12/7/16,64,51,57.5,0.4,7,0,0,0,0
12/8/16,65,50,57.5,0.5,7,0,0,0,0
12/9/16,64,53,58.5,1.6,6,0,0,0,0
12/10/16,64,54,59,2.2,6,0,0,0,0
12/11/16,65,59,62,5.3,3,0,0.05,0,0
12/12/16,63,58,60.5,3.9,4,0,0,0,0
12/13/16,65,56,60.5,4,4,0,0,0,0
12/14/16,66,52,59,2.5,6,0,0,0,0
12/15/16,64,54,59,2.6,6,0,0.48,0,0
12/16/16,62,52,57,0.6,8,0,0.27,0,0
12/17/16,60,47,53.5,-2.8,11,0,0,0,0
12/18/16,65,41,53,-3.3,12,0,0,0,0
12/19/16,72,43,57.5,1.2,7,0,0,0,0
12/20/16,79,46,62.5,6.3,2,0,0,0,0
12/21/16,69,54,61.5,5.3,3,0,0.42,0,0
12/22/16,65,53,59,2.8,6,0,0.32,0,0
12/23/16,63,53,58,1.8,7,0,0.96,0,0
12/24/16,58,47,52.5,-3.7,12,0,0.01,M,0
12/25/16,57,45,51,-5.2,14,0,0,0,0
12/26/16,63,46,54.5,-1.7,10,0,0,0,0
12/27/16,71,47,59,2.7,6,0,0,0,0
12/28/16,79,50,64.5,8.2,0,0,0,0,0
12/29/16,80,53,66.5,10.2,0,2,0,0,0
12/29/16,80,53,66.5,10.2,0,2,0,0,0
12/30/16,63,56,59.5,3.2,5,0,0.2,0,0
12/30/16,63,56,59.5,3.2,5,0,0.2,0,0
12/31/16,58,50,54,-2.3,11,0,0.07,M,M
12/31/16,58,50,54,-2.3,11,0,0.07,M,M
1/1/17,58,43,50.5,-5.9,14,0,0,0,0
1/2/17,56,50,53,-3.4,12,0,0,0,0
1/3/17,59,48,53.5,-2.9,11,0,0,0,0
1/4/17,61,49,55,-1.5,10,0,0.04,M,0
1/5/17,62,54,58,1.5,7,0,0.44,0,0
1/6/17,65,50,57.5,1,7,0,0,0,0
1/7/17,70,52,61,4.5,4,0,0.03,0,0
1/8/17,76,54,65,8.4,0,0,0,0,0
1/9/17,62,54,58,1.4,7,0,0.87,0,0
1/10/17,59,51,55,-1.6,10,0,0.09,0,0
1/11/17,62,56,59,2.4,6,0,0.18,0,0
1/12/17,58,53,55.5,-1.2,9,0,0.71,0,0
1/13/17,59,47,53,-3.7,12,0,0,0,0
1/14/17,69,47,58,1.3,7,0,0,0,0
1/15/17,63,52,57.5,0.8,7,0,0,0,0
1/16/17,61,52,56.5,-0.3,8,0,0,0,0
1/17/17,65,46,55.5,-1.3,9,0,0,0,0
1/18/17,59,48,53.5,-3.3,11,0,0.06,M,0
1/19/17,61,53,57,0.2,8,0,0.58,0,0
1/20/17,59,52,55.5,-1.3,9,0,1.35,0,0
1/21/17,59,48,53.5,-3.3,11,0,0,0,0
1/22/17,57,50,53.5,-3.3,11,0,2.94,0,0
1/23/17,56,47,51.5,-5.3,13,0,0.15,M,0
1/24/17,55,40,47.5,-9.3,17,0,0,0,0
1/25/17,58,42,50,-6.8,15,0,0,0,0
1/26/17,62,42,52,-4.9,13,0,0,0,0
1/27/17,61,44,52.5,-4.4,12,0,0,0,0
1/28/17,70,41,55.5,-1.4,9,0,0,0,0
1/29/17,76,46,61,4.1,4,0,0,0,0
1/30/17,76,51,63.5,6.6,1,0,0,0,0
1/31/17,71,50,60.5,3.6,4,0,0,0,0
2/1/17,68,47,57.5,0.6,7,0,0,0,0
2/2/17,64,50,57,0.1,8,0,0,0,0
2/3/17,61,54,57.5,0.6,7,0,0.33,0,0
2/4/17,61,54,57.5,0.6,7,0,0,0,0
2/5/17,59,55,57,0.1,8,0,T,0,0
2/6/17,60,53,56.5,-0.5,8,0,0.97,0,0
2/7/17,62,58,60,3,5,0,0.39,0,0
2/8/17,66,58,62,5,3,0,0.03,0,0
2/9/17,64,56,60,3,5,0,0,0,0
2/10/17,63,56,59.5,2.5,5,0,0.26,0,0
2/11/17,61,54,57.5,0.5,7,0,0.03,0,0
2/12/17,70,49,59.5,2.4,5,0,0,0,0
2/13/17,72,50,61,3.9,4,0,0,0,0
2/14/17,69,54,61.5,4.4,3,0,0,0,0
2/15/17,70,52,61,3.9,4,0,0,0,0
2/16/17,64,54,59,1.8,6,0,0,0,0
2/17/17,59,53,56,-1.2,9,0,1.58,0,0
2/18/17,59,52,55.5,-1.7,9,0,0.27,0,0
2/19/17,59,50,54.5,-2.7,10,0,0.03,0,0
2/20/17,61,53,57,-0.3,8,0,0.07,0,0
2/21/17,64,57,60.5,3.2,4,0,0.01,0,0
2/22/17,61,52,56.5,-0.8,8,0,0,0,0
2/23/17,60,48,54,-3.4,11,0,0,0,0
2/24/17,61,44,52.5,-4.9,12,0,0,0,0
2/25/17,60,43,51.5,-5.9,13,0,0,0,0
2/26/17,56,48,52,-5.5,13,0,0.07,M,0
2/27/17,57,48,52.5,-5,12,0,0,0,0
2/28/17,61,49,55,-2.5,10,0,0,0,0
3/1/17,72,46,59,1.4,6,0,0,0,0
3/2/17,77,47,62,4.4,3,0,0,0,0
3/3/17,79,52,65.5,7.9,0,1,0,0,0
3/4/17,67,50,58.5,0.9,6,0,0,0,0
3/5/17,60,51,55.5,-2.2,9,0,0.02,0,0
3/6/17,63,48,55.5,-2.2,9,0,0,0,0
3/7/17,71,47,59,1.3,6,0,0,0,0
3/8/17,79,52,65.5,7.7,0,1,0,0,0
3/9/17,76,53,64.5,6.7,0,0,0,0,0
3/10/17,74,55,64.5,6.7,0,0,0,0,0
3/11/17,73,54,63.5,5.6,1,0,0,0,0
3/12/17,68,53,60.5,2.6,4,0,0,0,0
3/13/17,67,54,60.5,2.6,4,0,0,0,0
3/14/17,67,50,58.5,0.6,6,0,0,0,0
3/15/17,70,54,62,4,3,0,0,0,0
3/16/17,69,54,61.5,3.5,3,0,0,0,0
3/17/17,65,54,59.5,1.5,5,0,0,0,0
3/18/17,67,56,61.5,3.4,3,0,0,0,0
3/19/17,66,55,60.5,2.4,4,0,0,0,0
3/20/17,66,57,61.5,3.3,3,0,0,0,0
3/21/17,66,56,61,2.8,4,0,0.05,0,0
3/22/17,65,56,60.5,2.3,4,0,0.01,0,0
3/23/17,65,54,59.5,1.2,5,0,0,0,0
3/24/17,67,50,58.5,0.2,6,0,0,0,0
3/25/17,66,55,60.5,2.1,4,0,T,0,0
3/26/17,67,54,60.5,2.1,4,0,0,0,0
3/27/17,68,53,60.5,2,4,0,0,0,0
3/28/17,73,54,63.5,5,1,0,0,0,0
3/29/17,75,54,64.5,5.9,0,0,0,0,0
3/30/17,68,55,61.5,2.9,3,0,0,0,0
3/31/17,72,54,63,4.3,2,0,0,0,0
4/1/17,68,51,59.5,0.7,5,0,0,0,0
4/2/17,71,53,62,3.2,3,0,0,0,0
4/3/17,64,56,60,1.1,5,0,0,0,0
4/4/17,67,57,62,3,3,0,0,0,0
4/5/17,76,55,65.5,6.4,0,1,0,0,0
4/6/17,70,56,63,3.9,2,0,0,0,0
4/7/17,66,56,61,1.8,4,0,0.05,0,0
4/8/17,65,54,59.5,0.2,5,0,0.33,0,0
4/9/17,68,52,60,0.6,5,0,0,0,0
4/10/17,71,51,61,1.5,4,0,0,0,0
4/11/17,71,52,61.5,1.9,3,0,0,0,0
4/12/17,68,53,60.5,0.8,4,0,0,0,0
4/13/17,69,54,61.5,1.7,3,0,0,0,0
4/14/17,68,51,59.5,-0.4,5,0,0,0,0
4/15/17,70,50,60,0,5,0,0,0,0
4/16/17,70,53,61.5,1.4,3,0,0,0,0
4/17/17,71,53,62,1.8,3,0,0,0,0
4/18/17,75,57,66,5.7,0,1,T,0,0
4/19/17,68,58,63,2.6,2,0,T,0,0
4/20/17,74,55,64.5,4,0,0,0,0,0
4/21/17,83,56,69.5,8.8,0,5,0,0,0
4/22/17,79,60,69.5,8.7,0,5,0,0,0
4/23/17,74,58,66,5.1,0,1,0,0,0
4/24/17,68,58,63,2,2,0,0,0,0
4/25/17,72,59,65.5,4.4,0,1,0,0,0
4/26/17,71,57,64,2.8,1,0,0,0,0
4/27/17,76,56,66,4.7,0,1,0,0,0
4/28/17,84,64,74,12.6,0,9,0,0,0
4/29/17,80,61,70.5,9,0,6,0,0,0
4/30/17,80,55,67.5,5.9,0,3,0,0,0
5/1/17,76,55,65.5,3.8,0,1,0,0,0
5/2/17,74,59,66.5,4.8,0,2,0,0,0
5/3/17,72,60,66,4.2,0,1,0,0,0
5/4/17,68,58,63,1.1,2,0,0,0,0
5/5/17,65,57,61,-1,4,0,0,0,0
5/6/17,65,54,59.5,-2.6,5,0,T,0,0
5/7/17,63,50,56.5,-5.6,8,0,0.13,0,0
5/8/17,66,48,57,-5.2,8,0,0,0,0
5/9/17,71,55,63,0.7,2,0,0,0,0
5/10/17,68,60,64,1.6,1,0,0,0,0
5/11/17,67,58,62.5,0.1,2,0,0,0,0
5/12/17,67,58,62.5,0,2,0,0,0,0
5/13/17,70,56,63,0.5,2,0,0,0,0
5/14/17,71,53,62,-0.6,3,0,0,0,0
5/15/17,65,55,60,-2.7,5,0,0,0,0
5/16/17,65,54,59.5,-3.2,5,0,0,0,0
5/17/17,66,56,61,-1.8,4,0,0,0,0
5/18/17,69,55,62,-0.8,3,0,0,0,0
5/19/17,81,58,69.5,6.6,0,5,0,0,0
5/20/17,87,62,74.5,11.6,0,10,0,0,0
5/21/17,74,61,67.5,4.5,0,3,0,0,0
5/22/17,69,59,64,0.9,1,0,0,0,0
5/23/17,73,58,65.5,2.4,0,1,0,0,0
5/24/17,67,58,62.5,-0.7,2,0,0,0,0
5/25/17,66,59,62.5,-0.8,2,0,0,0,0
5/26/17,69,59,64,0.7,1,0,0,0,0
5/27/17,68,58,63,-0.4,2,0,0,0,0
5/28/17,69,58,63.5,0,1,0,0,0,0
5/29/17,68,59,63.5,0,1,0,0,0,0
5/30/17,67,61,64,0.4,1,0,0,0,0
5/31/17,66,60,63,-0.7,2,0,T,0,0
6/1/17,70,61,65.5,1.7,0,1,0,0,0
6/2/17,69,59,64,0.1,1,0,0,0,0
6/3/17,71,61,66,2,0,1,0,0,0
6/4/17,67,61,64,-0.1,1,0,0,0,0
6/5/17,71,60,65.5,1.3,0,1,0,0,0
6/6/17,68,62,65,0.7,0,0,0,0,0
6/7/17,69,61,65,0.6,0,0,T,0,0
6/8/17,68,60,64,-0.5,1,0,T,0,0
6/9/17,71,58,64.5,-0.1,0,0,0,0,0
6/10/17,69,61,65,0.2,0,0,0,0,0
6/11/17,69,60,64.5,-0.4,0,0,T,0,0
6/12/17,71,56,63.5,-1.5,1,0,0,0,0
6/13/17,72,57,64.5,-0.6,0,0,0,0,0
6/14/17,76,60,68,2.7,0,3,0,0,0
6/15/17,78,61,69.5,4.1,0,5,0,0,0
6/16/17,77,62,69.5,3.9,0,5,0,0,0
6/17/17,75,62,68.5,2.8,0,4,0,0,0
6/18/17,74,61,67.5,1.7,0,3,0,0,0
6/19/17,74,61,67.5,1.5,0,3,0,0,0
6/20/17,72,61,66.5,0.4,0,2,0,0,0
6/21/17,73,62,67.5,1.2,0,3,0,0,0
6/22/17,75,63,69,2.6,0,4,0,0,0
6/23/17,70,61,65.5,-1.1,0,1,0,0,0
6/24/17,71,61,66,-0.7,0,1,0,0,0
6/25/17,77,63,70,3.2,0,5,0,0,0
6/26/17,82,64,73,6,0,8,0,0,0
6/27/17,78,62,70,2.9,0,5,0,0,0
6/28/17,72,61,66.5,-0.8,0,2,0,0,0
6/29/17,74,63,68.5,1.1,0,4,0,0,0
6/30/17,73,61,67,-0.5,0,2,0,0,0
7/1/17,72,62,67,-0.6,0,2,0,0,0
7/2/17,76,63,69.5,1.7,0,5,0,0,0
7/3/17,74,63,68.5,0.6,0,4,0,0,0
7/4/17,75,62,68.5,0.5,0,4,0,0,0
7/5/17,76,63,69.5,1.4,0,5,0,0,0
7/6/17,76,64,70,1.8,0,5,0,0,0
7/7/17,83,66,74.5,6.2,0,10,0,0,0
7/8/17,86,70,78,9.6,0,13,0,0,0
7/9/17,88,69,78.5,10,0,14,0,0,0
7/10/17,84,68,76,7.5,0,11,0,0,0
7/11/17,77,67,72,3.4,0,7,0,0,0
7/12/17,75,65,70,1.3,0,5,0,0,0
7/13/17,75,65,70,1.3,0,5,0,0,0
7/14/17,73,64,68.5,-0.3,0,4,0,0,0
7/15/17,80,65,72.5,3.6,0,8,0,0,0
7/16/17,81,67,74,5.1,0,9,0,0,0
7/17/17,77,68,72.5,3.5,0,8,0,0,0
7/18/17,78,67,72.5,3.5,0,8,0,0,0
7/19/17,78,67,72.5,3.5,0,8,0,0,0
7/20/17,80,67,73.5,4.4,0,9,0,0,0
7/21/17,77,66,71.5,2.4,0,7,0,0,0
7/22/17,77,66,71.5,2.4,0,7,0,0,0
7/23/17,77,67,72,2.8,0,7,0,0,0
7/24/17,77,67,72,2.8,0,7,0,0,0
7/25/17,77,68,72.5,3.3,0,8,0,0,0
7/26/17,76,67,71.5,2.3,0,7,0,0,0
7/27/17,77,67,72,2.8,0,7,0,0,0
7/28/17,75,66,70.5,1.2,0,6,0,0,0
7/29/17,77,66,71.5,2.2,0,7,0,0,0
7/30/17,76,65,70.5,1.2,0,6,0,0,0
7/31/17,74,65,69.5,0.2,0,5,0,0,0
8/1/17,82,67,74.5,5.2,0,10,T,0,0
8/2/17,86,71,78.5,9.2,0,14,0,0,0
8/3/17,84,72,78,8.6,0,13,0,0,0
8/4/17,79,69,74,4.6,0,9,0,0,0
8/5/17,78,68,73,3.6,0,8,0,0,0
8/6/17,78,67,72.5,3.1,0,8,0,0,0
8/7/17,76,67,71.5,2.1,0,7,0,0,0
8/8/17,78,67,72.5,3.1,0,8,0,0,0
8/9/17,75,66,70.5,1,0,6,0,0,0
8/10/17,76,66,71,1.5,0,6,0,0,0
8/11/17,73,66,69.5,0,0,5,0,0,0
8/12/17,76,64,70,0.5,0,5,0,0,0
8/13/17,76,65,70.5,0.9,0,6,0,0,0
8/14/17,75,65,70,0.4,0,5,0,0,0
8/15/17,74,65,69.5,-0.1,0,5,0,0,0
8/16/17,75,66,70.5,0.9,0,6,0,0,0
8/17/17,75,65,70,0.4,0,5,0,0,0
8/18/17,75,65,70,0.3,0,5,0,0,0
8/19/17,74,66,70,0.3,0,5,0,0,0
8/20/17,76,66,71,1.3,0,6,0,0,0
8/21/17,76,67,71.5,1.8,0,7,0,0,0
8/22/17,75,66,70.5,0.8,0,6,0,0,0
8/23/17,74,66,70,0.2,0,5,0,0,0
8/24/17,73,66,69.5,-0.3,0,5,0,0,0
8/25/17,74,67,70.5,0.7,0,6,0,0,0
8/26/17,75,66,70.5,0.7,0,6,0,0,0
8/27/17,73,65,69,-0.8,0,4,0,0,0
8/28/17,76,68,72,2.2,0,7,0,0,0
8/29/17,83,67,75,5.2,0,10,0,0,0
8/30/17,83,68,75.5,5.7,0,11,0,0,0
8/31/17,93,71,82,12.2,0,17,T,0,0
9/1/17,92,73,82.5,12.7,0,18,0,0,0
9/2/17,95,73,84,14.3,0,19,0,0,0
9/3/17,97,75,86,16.3,0,21,T,0,0
9/4/17,79,71,75,5.3,0,10,0.06,0,0
9/5/17,78,70,74,4.4,0,9,0,0,0
9/6/17,75,66,70.5,0.9,0,6,0,0,0
9/7/17,77,66,71.5,1.9,0,7,0,0,0
9/8/17,77,65,71,1.5,0,6,0,0,0
9/9/17,76,65,70.5,1,0,6,0,0,0
9/10/17,82,65,73.5,4.1,0,9,0,0,0
9/11/17,85,69,77,7.7,0,12,0,0,0
9/12/17,74,65,69.5,0.2,0,5,0,0,0
9/13/17,74,65,69.5,0.3,0,5,0,0,0
9/14/17,74,63,68.5,-0.6,0,4,0,0,0
9/15/17,74,64,69,-0.1,0,4,0,0,0
9/16/17,76,64,70,1,0,5,0,0,0
9/17/17,73,65,69,0.1,0,4,0,0,0
9/18/17,73,64,68.5,-0.3,0,4,0,0,0
9/19/17,75,65,70,1.3,0,5,0,0,0
9/20/17,77,63,70,1.4,0,5,0,0,0
9/21/17,71,62,66.5,-2,0,2,0.02,0,0
9/22/17,72,58,65,-3.4,0,0,0,0,0
9/23/17,72,56,64,-4.3,1,0,0,0,0
9/24/17,80,58,69,0.8,0,4,0,0,0
9/25/17,85,60,72.5,4.4,0,8,0,0,0
9/26/17,81,61,71,3,0,6,0,0,0
9/27/17,78,61,69.5,1.6,0,5,0,0,0
9/28/17,78,62,70,2.2,0,5,0,0,0
9/29/17,78,63,70.5,2.8,0,6,0,0,0
9/30/17,76,61,68.5,0.9,0,4,0,0,0
10/1/17,75,64,69.5,2,0,5,0,0,0
10/2/17,75,61,68,0.6,0,3,0,0,0
10/3/17,73,62,67.5,0.2,0,3,0,0,0
10/4/17,74,61,67.5,0.3,0,3,0,0,0
10/5/17,78,58,68,0.9,0,3,0,0,0
10/6/17,86,59,72.5,5.5,0,8,0,0,0
10/7/17,87,60,73.5,6.6,0,9,0,0,0
10/8/17,78,61,69.5,2.7,0,5,0,0,0
10/9/17,84,64,74,7.3,0,9,0,0,0
10/10/17,78,60,69,2.4,0,4,0,0,0
10/11/17,70,62,66,-0.5,0,1,0,0,0
10/12/17,71,61,66,-0.4,0,1,0,0,0
10/13/17,72,60,66,-0.3,0,1,0,0,0
10/14/17,78,60,69,2.8,0,4,0,0,0
10/15/17,95,60,77.5,11.4,0,13,0,0,0
10/16/17,90,66,78,12,0,13,0,0,0
10/17/17,89,66,77.5,11.6,0,13,0,0,M
10/18/17,80,65,72.5,6.8,0,8,0,0,0
10/19/17,73,64,68.5,2.9,0,4,0,0,0
10/20/17,71,63,67,1.5,0,2,0,0,0
10/21/17,76,61,68.5,3.1,0,4,0,0,0
10/22/17,87,60,73.5,8.2,0,9,0,0,0
10/23/17,101,67,84,18.8,0,19,0,0,0
10/24/17,104,67,85.5,20.5,0,21,0,0,0
10/25/17,100,70,85,20.1,0,20,0,0,0
10/26/17,90,67,78.5,13.7,0,14,0,0,0
10/27/17,77,61,69,4.4,0,4,0,0,0
10/28/17,70,61,65.5,1,0,1,0,0,0
10/29/17,71,61,66,1.6,0,1,0,0,0
10/30/17,69,64,66.5,2.3,0,2,T,0,0
10/31/17,69,63,66,2,0,1,T,0,0
11/1/17,69,64,66.5,2.6,0,2,0,0,0
11/2/17,68,58,63,-0.7,2,0,0.07,0,0
11/3/17,71,59,65,1.4,0,0,0.02,0,0
11/4/17,69,57,63,-0.4,2,0,0,0,0
11/5/17,69,60,64.5,1.3,0,0,T,0,0
11/6/17,69,59,64,1,1,0,T,0,0
11/7/17,72,59,65.5,2.7,0,1,0,0,0
11/8/17,74,57,65.5,2.9,0,1,0,0,0
11/9/17,70,60,65,2.6,0,0,0,0,0
11/10/17,69,57,63,0.8,2,0,0,0,0
11/11/17,70,55,62.5,0.5,2,0,0,0,0
11/12/17,68,56,62,0.2,3,0,0,0,0
11/13/17,70,54,62,0.4,3,0,0,0,0
11/14/17,74,54,64,2.6,1,0,0,0,0
11/15/17,76,57,66.5,5.3,0,2,0,0,0
11/16/17,76,58,67,6,0,2,0,0,0
11/17/17,70,60,65,4.2,0,0,T,0,0
11/18/17,76,55,65.5,5,0,1,0,0,0
11/19/17,76,56,66,5.7,0,1,0,0,0
11/20/17,72,52,62,1.9,3,0,0,0,0
11/21/17,79,58,68.5,8.6,0,4,0,0,0
11/22/17,94,62,78,18.3,0,13,0,0,0
11/23/17,91,64,77.5,18,0,13,0,0,0
11/24/17,82,58,70,10.7,0,5,0,0,0
11/25/17,82,59,70.5,11.4,0,6,0,0,0
11/26/17,65,59,62,3.1,3,0,0,0,0
11/27/17,67,56,61.5,2.8,3,0,0.01,0,0
11/28/17,77,50,63.5,5,1,0,0,0,0
11/29/17,74,54,64,5.7,1,0,0,0,0
11/30/17,72,52,62,3.9,3,0,0,0,0
12/1/17,69,53,61,3,4,0,0,0,0
12/2/17,71,52,61.5,3.7,3,0,0,0,0
12/3/17,67,53,60,2.4,5,0,0,0,0
12/4/17,73,55,64,6.5,1,0,0,0,0
12/5/17,74,51,62.5,5.1,2,0,0,0,0
12/6/17,75,45,60,2.8,5,0,0,0,0
12/7/17,80,47,63.5,6.4,1,0,0,0,0
12/8/17,78,52,65,8,0,0,0,0,0
12/9/17,86,52,69,12.1,0,4,0,0,0
12/10/17,85,51,68,11.2,0,3,0,0,0
12/11/17,83,57,70,13.3,0,5,0,0,0
12/12/17,82,54,68,11.4,0,3,0,0,0
12/13/17,80,51,65.5,9,0,1,0,0,0
12/14/17,72,49,60.5,4,4,0,0,0,0
12/15/17,81,51,66,9.6,0,1,0,0,0
12/16/17,66,53,59.5,3.1,5,0,T,M,M
12/17/17,74,56,65,8.7,0,0,0,M,M
12/18/17,72,50,61,4.7,4,0,0,M,M
12/19/17,67,49,58,1.7,7,0,0,M,M
12/20/17,60,47,53.5,-2.7,11,0,0.01,M,M
12/21/17,62,49,55.5,-0.7,9,0,0,M,M
12/22/17,64,41,52.5,-3.7,12,0,0,M,M
12/23/17,65,46,55.5,-0.7,9,0,0,M,M
12/24/17,71,48,59.5,3.3,5,0,0,M,M
12/25/17,67,48,57.5,1.3,7,0,0,M,M
12/26/17,64,47,55.5,-0.7,9,0,0,M,M
12/27/17,74,49,61.5,5.2,3,0,0,M,M
12/28/17,72,50,61,4.7,4,0,0,M,M
12/29/17,79,51,65,8.7,0,0,0,M,M
12/30/17,68,50,59,2.7,6,0,0,M,M
12/31/17,65,52,58.5,2.2,6,0,0,M,M
1/1/18,67,48,57.5,1.1,7,0,0,0,0
1/2/18,76,54,65,8.6,0,0,0,0,0
1/3/18,76,54,65,8.6,0,0,0,0,0
1/4/18,74,55,64.5,8,0,0,0,0,0
1/5/18,69,56,62.5,6,2,0,0,0,0
1/6/18,64,57,60.5,4,4,0,T,0,0
1/7/18,69,57,63,6.5,2,0,0,0,0
1/8/18,67,60,63.5,6.9,1,0,0.28,0,0
1/9/18,63,53,58,1.4,7,0,1.12,0,0
1/10/18,64,50,57,0.4,8,0,0,0,0
1/11/18,67,50,58.5,1.9,6,0,0,0,0
1/12/18,67,52,59.5,2.8,5,0,0,0,0
1/13/18,86,57,71.5,14.8,0,7,0,0,0
1/14/18,83,58,70.5,13.8,0,6,0,0,0
1/15/18,64,52,58,1.3,7,0,0,0,0
1/16/18,68,54,61,4.2,4,0,0,0,0
1/17/18,74,54,64,7.2,1,0,0,0,0
1/18/18,72,54,63,6.2,2,0,0,0,0
1/19/18,63,54,58.5,1.7,6,0,T,0,0
1/20/18,63,53,58,1.2,7,0,T,0,0
1/21/18,63,44,53.5,-3.3,11,0,0,0,0
1/22/18,67,46,56.5,-0.3,8,0,0,0,0
1/23/18,75,48,61.5,4.7,3,0,0,M,M
1/24/18,75,49,62,5.2,3,0,0,M,M
1/25/18,62,48,55,-1.8,10,0,T,M,M
1/26/18,65,48,56.5,-0.4,8,0,0,M,M
1/27/18,74,47,60.5,3.6,4,0,0,M,M
1/28/18,82,50,66,9.1,0,1,0,M,M
1/29/18,89,54,71.5,14.6,0,7,0,M,M
1/30/18,80,59,69.5,12.6,0,5,0,M,M
1/31/18,78,55,66.5,9.6,0,2,0,M,M
2/1/18,71,53,62,5.1,3,0,0,M,M
2/2/18,79,54,66.5,9.6,0,2,0,0,0
2/3/18,75,53,64,7.1,1,0,0,0,0
2/4/18,76,53,64.5,7.6,0,0,0,0,0
2/5/18,69,51,60,3.1,5,0,0,0,0
2/6/18,68,54,61,4,4,0,0,0,0
2/7/18,81,51,66,9,0,1,0,0,0
2/8/18,78,52,65,8,0,0,0,0,0
2/9/18,72,51,61.5,4.5,3,0,0,0,0
2/10/18,64,57,60.5,3.5,4,0,0,0,0
2/11/18,68,51,59.5,2.5,5,0,0,0,0
2/12/18,62,52,57,-0.1,8,0,T,0,0
2/13/18,66,50,58,0.9,7,0,T,0,0
2/14/18,68,56,62,4.9,3,0,T,0,0
2/15/18,70,52,61,3.9,4,0,0,0,0
2/16/18,74,50,62,4.8,3,0,0,0,0
2/17/18,72,51,61.5,4.3,3,0,0,0,0
2/18/18,64,51,57.5,0.3,7,0,0,0,0
2/19/18,59,49,54,-3.2,11,0,T,M,0
2/20/18,60,41,50.5,-6.8,14,0,0,0,0
2/21/18,60,46,53,-4.3,12,0,0,0,0
2/22/18,59,43,51,-6.3,14,0,0,0,0
2/23/18,59,47,53,-4.4,12,0,0,0,0
2/24/18,60,42,51,-6.4,14,0,0,0,0
2/25/18,68,44,56,-1.4,9,0,0,0,0
2/26/18,65,45,55,-2.5,10,0,0.1,M,0
2/27/18,57,47,52,-5.5,13,0,T,M,0
2/28/18,62,40,51,-6.5,14,0,0,0,0
3/1/18,61,46,53.5,-4.1,11,0,0,0,0
3/2/18,60,51,55.5,-2.1,9,0,0.38,0,0
3/3/18,60,51,55.5,-2.1,9,0,0.1,0,0
3/4/18,61,44,52.5,-5.1,12,0,0,0,0
3/5/18,73,44,58.5,0.8,6,0,0,0,0
3/6/18,77,49,63,5.3,2,0,0,0,0
3/7/18,69,53,61,3.3,4,0,0,0,0
3/8/18,70,51,60.5,2.7,4,0,0,0,0
3/9/18,68,53,60.5,2.7,4,0,0,0,0
3/10/18,60,56,58,0.2,7,0,0.56,0,0
3/11/18,68,57,62.5,4.6,2,0,0.03,0,0
3/12/18,64,58,61,3.1,4,0,T,0,0
3/13/18,65,58,61.5,3.6,3,0,0.03,0,0
3/14/18,63,55,59,1.1,6,0,0.04,0,0
3/15/18,62,54,58,0,7,0,0.07,0,0
3/16/18,61,52,56.5,-1.5,8,0,0.22,0,0
3/17/18,59,52,55.5,-2.5,9,0,0,0,0
3/18/18,61,46,53.5,-4.6,11,0,0,0,0
3/19/18,70,50,60,1.9,5,0,0,0,0
3/20/18,67,54,60.5,2.3,4,0,T,0,0
3/21/18,66,56,61,2.8,4,0,0.13,0,0
3/22/18,63,57,60,1.8,5,0,0.49,0,0
3/23/18,63,55,59,0.7,6,0,0.02,0,0
3/24/18,62,50,56,-2.3,9,0,0,0,0
3/25/18,61,51,56,-2.4,9,0,0,0,0
3/26/18,69,52,60.5,2.1,4,0,0,0,0
3/27/18,79,50,64.5,6,0,0,0,0,0
3/28/18,70,52,61,2.5,4,0,0,0,0
3/29/18,63,53,58,-0.6,7,0,0,0,0
3/30/18,66,52,59,0.4,6,0,0,0,0
3/31/18,61,52,56.5,-2.2,8,0,0,0,0
4/1/18,64,54,59,0.2,6,0,0,0,0
4/2/18,67,57,62,3.2,3,0,0,0,0
4/3/18,66,56,61,2.1,4,0,0,0,0
4/4/18,63,55,59,0,6,0,0,0,0
4/5/18,64,56,60,0.9,5,0,0,0,0
4/6/18,66,55,60.5,1.4,4,0,0,0,0
4/7/18,67,57,62,2.8,3,0,0,0,0
4/8/18,72,54,63,3.7,2,0,0,0,0
4/9/18,83,56,69.5,10.1,0,5,0,0,0
4/10/18,79,60,69.5,10,0,5,0,0,0
4/11/18,74,57,65.5,5.9,0,1,0,0,0
4/12/18,68,55,61.5,1.8,3,0,0,0,0
4/13/18,78,59,68.5,8.7,0,4,0,0,0
4/14/18,82,55,68.5,8.6,0,4,0,0,0
4/15/18,72,54,63,3,2,0,0,0,0
4/16/18,64,54,59,-1.1,6,0,0,0,0
4/17/18,66,52,59,-1.2,6,0,0,0,0
4/18/18,68,52,60,-0.3,5,0,0,0,0
4/19/18,62,51,56.5,-3.9,8,0,0.05,0,0
4/20/18,72,51,61.5,1,3,0,0,0,0
4/21/18,76,53,64.5,3.8,0,0,0,0,0
4/22/18,73,56,64.5,3.7,0,0,0,0,0
4/23/18,68,54,61,0.1,4,0,0,0,0
4/24/18,64,53,58.5,-2.5,6,0,0,0,0
4/25/18,64,55,59.5,-1.6,5,0,0,0,0
4/26/18,65,56,60.5,-0.7,4,0,0,0,0
4/27/18,66,56,61,-0.3,4,0,0,0,0
4/28/18,68,54,61,-0.4,4,0,0,0,0
4/29/18,67,55,61,-0.5,4,0,0,0,0
4/30/18,66,55,60.5,-1.1,4,0,0,0,0
5/1/18,61,54,57.5,-4.2,7,0,0.01,M,M
5/2/18,65,54,59.5,-2.2,5,0,0,M,M
5/3/18,67,54,60.5,-1.3,4,0,0,M,M
5/4/18,76,56,66,4.1,0,1,0,M,M
5/5/18,75,58,66.5,4.5,0,2,0,0,0
5/6/18,73,57,65,2.9,0,0,0,0,0
5/7/18,70,55,62.5,0.4,2,0,0,0,0
5/8/18,69,55,62,-0.2,3,0,0,0,0
5/9/18,69,59,64,1.7,1,0,0,0,0
5/10/18,69,60,64.5,2.1,0,0,0,0,0
5/11/18,65,60,62.5,0.1,2,0,T,0,0
5/12/18,67,58,62.5,0,2,0,T,0,0
5/13/18,68,59,63.5,1,1,0,0.05,0,0
5/14/18,67,55,61,-1.6,4,0,0,0,0
5/15/18,68,56,62,-0.7,3,0,0,0,0
5/16/18,70,55,62.5,-0.2,2,0,0,0,0
5/17/18,70,54,62,-0.8,3,0,0,0,0
5/18/18,67,58,62.5,-0.3,2,0,0,0,0
5/19/18,67,58,62.5,-0.4,2,0,0,0,0
5/20/18,68,59,63.5,0.6,1,0,0,0,0
5/21/18,66,59,62.5,-0.5,2,0,0,0,0
5/22/18,67,59,63,-0.1,2,0,0,0,0
5/23/18,67,59,63,-0.1,2,0,0,0,0
5/24/18,66,59,62.5,-0.7,2,0,T,0,0
5/25/18,68,58,63,-0.3,2,0,0,0,0
5/26/18,68,57,62.5,-0.8,2,0,0,0,0
5/27/18,70,58,64,0.6,1,0,0,0,0
5/28/18,69,59,64,0.5,1,0,0,0,0
5/29/18,69,61,65,1.5,0,0,0,0,0
5/30/18,68,60,64,0.4,1,0,T,0,0
5/31/18,70,60,65,1.3,0,0,0,0,0
6/1/18,70,57,63.5,-0.3,1,0,0,0,0
6/2/18,72,59,65.5,1.6,0,1,0,0,0
6/3/18,71,61,66,2,0,1,0,0,0
6/4/18,72,60,66,1.9,0,1,0,0,0
6/5/18,70,61,65.5,1.3,0,1,0,0,0
6/6/18,69,60,64.5,0.2,0,0,T,0,0
6/7/18,71,58,64.5,0.1,0,0,0,0,0
6/8/18,74,59,66.5,2,0,2,0,0,0
6/9/18,75,61,68,3.4,0,3,0,0,0
6/10/18,73,62,67.5,2.7,0,3,0,0,0
6/11/18,76,61,68.5,3.6,0,4,0,0,0
6/12/18,75,62,68.5,3.5,0,4,0,0,0
6/13/18,72,60,66,0.9,0,1,0,0,0
6/14/18,76,61,68.5,3.2,0,4,0,0,0
6/15/18,73,62,67.5,2.1,0,3,0,0,0
6/16/18,73,63,68,2.4,0,3,0,0,0
6/17/18,69,62,65.5,-0.2,0,1,0,0,0
6/18/18,70,61,65.5,-0.3,0,1,0,0,0
6/19/18,70,60,65,-1,0,0,0,0,0
6/20/18,72,61,66.5,0.4,0,2,0,0,0
6/21/18,74,64,69,2.7,0,4,0,0,0
6/22/18,73,62,67.5,1.1,0,3,T,0,0
6/23/18,71,63,67,0.4,0,2,0,0,0
6/24/18,74,63,68.5,1.8,0,4,T,0,0
6/25/18,73,64,68.5,1.7,0,4,0,M,M
6/26/18,72,63,67.5,0.5,0,3,0,M,M
6/27/18,72,64,68,0.9,0,3,0,M,M
6/28/18,72,64,68,0.7,0,3,0,M,M
6/29/18,74,65,69.5,2.1,0,5,0,M,M
6/30/18,76,66,71,3.5,0,6,0,M,M
7/1/18,73,65,69,1.4,0,4,0,0,0
7/2/18,72,64,68,0.2,0,3,0,0,0
7/3/18,73,65,69,1.1,0,4,0,0,0
7/4/18,75,65,70,2,0,5,0,0,0
7/5/18,80,64,72,3.9,0,7,0,0,0
7/6/18,92,68,80,11.8,0,15,0,0,0
7/7/18,93,74,83.5,15.2,0,19,0,0,0
7/8/18,89,74,81.5,13.1,0,17,0,0,0
7/9/18,91,73,82,13.5,0,17,0,0,0
7/10/18,85,72,78.5,10,0,14,0,0,0
7/11/18,80,71,75.5,6.9,0,11,0,0,0
7/12/18,79,70,74.5,5.8,0,10,0,0,0
7/13/18,76,69,72.5,3.8,0,8,0,0,0
7/14/18,78,68,73,4.2,0,8,0,0,0
7/15/18,78,69,73.5,4.6,0,9,0,0,0
7/16/18,79,69,74,5.1,0,9,0,0,0
7/17/18,76,69,72.5,3.5,0,8,0,0,0
7/18/18,78,69,73.5,4.5,0,9,0,0,0
7/19/18,79,69,74,5,0,9,0,0,0
7/20/18,76,68,72,2.9,0,7,0,0,0
7/21/18,77,69,73,3.9,0,8,0,0,0
7/22/18,80,68,74,4.9,0,9,0,0,0
7/23/18,85,70,77.5,8.3,0,13,0,0,0
7/24/18,85,69,77,7.8,0,12,0,0,0
7/25/18,78,70,74,4.8,0,9,0,0,0
7/26/18,81,70,75.5,6.3,0,11,0,0,0
7/27/18,76,68,72,2.8,0,7,0,0,0
7/28/18,79,69,74,4.7,0,9,0,0,0
7/29/18,83,68,75.5,6.2,0,11,0,0,0
7/30/18,78,69,73.5,4.2,0,9,0,0,0
7/31/18,81,69,75,5.7,0,10,0,0,0
8/1/18,82,70,76,6.7,0,11,0,0,0
8/2/18,80,70,75,5.7,0,10,0,0,0
8/3/18,79,69,74,4.6,0,9,0,0,0
8/4/18,81,67,74,4.6,0,9,0,0,0
8/5/18,79,68,73.5,4.1,0,9,0,0,0
8/6/18,83,68,75.5,6.1,0,11,0,0,0
8/7/18,89,70,79.5,10.1,0,15,0,0,0
8/8/18,94,70,82,12.6,0,17,0,0,0
8/9/18,86,69,77.5,8,0,13,0,0,0
8/10/18,87,73,80,10.5,0,15,0,0,0
8/11/18,84,71,77.5,8,0,13,0,0,0
8/12/18,81,69,75,5.5,0,10,0,0,0
8/13/18,79,69,74,4.4,0,9,0,0,0
8/14/18,78,69,73.5,3.9,0,9,0,0,0
8/15/18,79,70,74.5,4.9,0,10,0,0,0
8/16/18,81,72,76.5,6.9,0,12,0,0,0
8/17/18,81,72,76.5,6.9,0,12,0,0,0
8/18/18,79,71,75,5.3,0,10,0,0,0
8/19/18,79,70,74.5,4.8,0,10,0,0,0
8/20/18,82,71,76.5,6.8,0,12,0,0,0
8/21/18,80,71,75.5,5.8,0,11,0,0,0
8/22/18,78,69,73.5,3.8,0,9,0,0,0
8/23/18,78,69,73.5,3.7,0,9,0,0,0
8/24/18,78,68,73,3.2,0,8,0,0,0
8/25/18,77,65,71,1.2,0,6,0,0,0
8/26/18,78,67,72.5,2.7,0,8,0,0,0
8/27/18,77,67,72,2.2,0,7,0,0,0
8/28/18,76,66,71,1.2,0,6,0,0,0
8/29/18,78,67,72.5,2.7,0,8,0,0,0
8/30/18,78,64,71,1.2,0,6,0,0,0
8/31/18,77,65,71,1.2,0,6,0,0,0
9/1/18,79,65,72,2.2,0,7,0,0,0
9/2/18,77,69,73,3.3,0,8,0,0,0
9/3/18,77,69,73,3.3,0,8,0,0,0
9/4/18,71,68,69.5,-0.2,0,5,0,0,0
9/5/18,74,66,70,0.4,0,5,0,0,0
9/6/18,73,65,69,-0.6,0,4,0,0,0
9/7/18,74,65,69.5,-0.1,0,5,0,0,0
9/8/18,74,64,69,-0.5,0,4,0,0,0
9/9/18,82,64,73,3.5,0,8,0,0,0
9/10/18,77,67,72,2.6,0,7,0,0,0
9/11/18,77,67,72,2.7,0,7,0,0,0
9/12/18,77,67,72,2.7,0,7,0,0,0
9/13/18,77,65,71,1.8,0,6,0,0,0
9/14/18,81,64,72.5,3.4,0,8,0,0,0
9/15/18,80,67,73.5,4.4,0,9,0,0,0
9/16/18,79,63,71,2,0,6,0,0,0
9/17/18,79,61,70,1.1,0,5,0,0,0
9/18/18,78,61,69.5,0.7,0,5,0,0,0
9/19/18,74,61,67.5,-1.2,0,3,0,0,0
9/20/18,77,62,69.5,0.9,0,5,0,0,0
9/21/18,74,65,69.5,1,0,5,0,0,0
9/22/18,74,64,69,0.6,0,4,0,0,0
9/23/18,73,65,69,0.7,0,4,0,0,0
9/24/18,73,64,68.5,0.3,0,4,0,0,0
9/25/18,71,63,67,-1.1,0,2,0,0,0
9/26/18,71,63,67,-1,0,2,0,0,0
9/27/18,71,65,68,0.1,0,3,0,0,0
9/28/18,74,65,69.5,1.7,0,5,0,0,0
9/29/18,76,64,70,2.3,0,5,0,0,0
9/30/18,76,61,68.5,0.9,0,4,0,0,0
10/1/18,83,66,74.5,7,0,10,0,0,0
10/2/18,76,67,71.5,4.1,0,7,0,0,0
10/3/18,77,67,72,4.7,0,7,T,0,0
10/4/18,75,65,70,2.8,0,5,0,0,0